last_name, first_name,player_id,year,b_ab,b_total_pa,b_total_hits,b_single,b_double,b_triple,b_home_run,b_strikeout,b_walk,b_k_percent,b_bb_percent,batting_avg,slg_percent,b_hit_by_pitch,r_run,
Cabrera, Miguel,408234,2021,472,526,121,90,16,0,15,118,40,22.4,7.6,.256,.386,5,48,
Cruz Jr., Nelson,443558,2021,513,584,136,82,21,1,32,126,51,21.6,8.7,.265,.497,7,79,
Peralta, David,444482,2021,487,538,126,80,30,8,8,92,46,17.1,8.6,.259,.402,3,57,
Blackmon, Charlie,453568,2021,514,582,139,97,25,4,13,91,54,15.6,9.3,.270,.411,11,76,
McCutchen, Andrew,457705,2021,482,574,107,55,24,1,27,132,81,23.0,14.1,.222,.444,4,78,
Turner, Justin,457759,2021,533,612,148,99,22,0,27,98,61,16.0,10.0,.278,.471,12,87,
Votto, Joey,458015,2021,448,533,119,59,23,1,36,127,77,23.8,14.4,.266,.563,4,73,
Andrus, Elvis,462101,2021,497,541,121,91,25,2,3,81,31,15.0,5.7,.243,.320,6,60,
Santana, Carlos,467793,2021,565,659,121,87,15,0,19,102,86,15.5,13.1,.214,.342,3,66,
Lowrie, Jed,476704,2021,457,512,112,70,28,0,14,108,49,21.1,9.6,.245,.398,2,55,
Brantley Jr., Michael,488726,2021,469,508,146,106,29,3,8,53,33,10.4,6.5,.311,.437,5,68,
Gurriel, Yuli,493329,2021,530,605,169,123,31,0,15,68,59,11.2,9.8,.319,.462,4,83,
Rojas, Miguel,500743,2021,495,539,131,89,30,3,9,74,37,13.7,6.9,.265,.392,5,66,
Escobar, Eduardo,500871,2021,549,599,139,80,26,5,28,124,48,20.7,8.0,.253,.472,1,77,
Pham, Tommy,502054,2021,475,561,109,68,24,2,15,128,78,22.8,13.9,.229,.383,4,74,
Martinez, J.D.,502110,2021,570,634,163,90,42,3,28,150,55,23.7,8.7,.286,.518,3,92,
Goldschmidt, Paul,502671,2021,603,679,177,108,36,2,31,136,67,20.0,9.9,.294,.514,4,102,
Altuve, Jose,514888,2021,601,678,167,103,32,1,31,91,66,13.4,9.7,.278,.489,4,117,
Hernandez, Cesar,514917,2021,570,637,132,88,21,2,21,135,59,21.2,9.3,.232,.386,5,84,
Segura, Jean,516416,2021,514,567,149,105,27,3,14,78,39,13.8,6.9,.290,.436,9,76,
Marte, Starling,516782,2021,467,526,145,103,27,3,12,99,43,18.8,8.2,.310,.458,13,89,
Donaldson, Josh,518626,2021,457,543,113,61,26,0,26,114,74,21.0,13.6,.247,.475,4,73,
Freeman, Freddie,518692,2021,600,695,180,122,25,2,31,107,85,15.4,12.2,.300,.503,8,120,
LeMahieu, DJ,518934,2021,597,679,160,125,24,1,10,94,73,13.8,10.8,.268,.362,4,84,
Rizzo, Anthony,519203,2021,496,576,123,75,23,3,22,87,52,15.1,9.0,.248,.440,23,73,
Stanton, Giancarlo,519317,2021,510,579,139,85,19,0,35,157,63,27.1,10.9,.273,.516,3,64,
Perez, Salvador,521692,2021,620,665,169,97,24,0,48,170,28,25.6,4.2,.273,.544,13,88,
Garcia, Avisail,541645,2021,461,515,121,74,18,0,29,121,38,23.5,7.4,.262,.490,11,68,
Villar, Jonathan,542340,2021,454,505,113,75,18,2,18,132,46,26.1,9.1,.249,.416,3,63,
Aguilar, Jesus,542583,2021,449,510,117,72,23,0,22,93,46,18.2,9.0,.261,.459,3,49,
Crawford, Brandon,543063,2021,483,549,144,87,30,3,24,105,56,19.1,10.2,.298,.522,5,79,
Cron, C.J.,543068,2021,470,547,132,72,31,1,28,117,60,21.4,11.0,.281,.530,13,70,
Grossman, Robbie,543257,2021,557,671,133,84,23,3,23,155,98,23.1,14.6,.239,.415,8,88,
Harrison, Josh,543281,2021,505,558,141,98,33,2,8,75,31,13.4,5.6,.279,.400,18,58,
Hosmer, Eric,543333,2021,509,565,137,97,28,0,12,99,48,17.5,8.5,.269,.395,5,53,
Semien, Marcus,543760,2021,652,724,173,87,39,2,45,146,66,20.2,9.1,.265,.538,3,115,
Grichuk, Randal,545341,2021,511,545,123,75,25,1,22,114,27,20.9,5.0,.241,.423,3,59,
Harper, Bryce,547180,2021,488,599,151,73,42,1,35,134,100,22.4,16.7,.309,.615,5,101,
Abreu, Jose,547989,2021,566,659,148,86,30,2,30,143,61,21.7,9.3,.261,.481,22,86,
Suarez, Eugenio,553993,2021,505,574,100,46,23,0,31,171,56,29.8,9.8,.198,.428,8,71,
Schoop, Jonathan,570731,2021,623,674,173,120,30,1,22,133,37,19.7,5.5,.278,.435,6,85,
Arenado, Nolan,571448,2021,593,653,151,80,34,3,34,96,50,14.7,7.7,.255,.494,3,81,
Farmer, Kyle,571657,2021,483,529,127,87,22,2,16,97,22,18.3,4.2,.263,.416,18,60,
Haniger, Mitch,571745,2021,620,691,157,93,23,2,39,169,54,24.5,7.8,.253,.485,9,110,
Hernandez, Enrique,571771,2021,508,585,127,69,35,3,20,110,61,18.8,10.4,.250,.449,9,84,
Muncy, Max,571970,2021,497,592,124,60,26,2,36,120,83,20.3,14.0,.249,.527,11,95,
Seager, Kyle,572122,2021,603,670,128,63,29,1,35,161,59,24.0,8.8,.212,.438,4,73,
Taylor, Michael A.,572191,2021,483,528,118,89,16,1,12,144,33,27.3,6.3,.244,.356,5,58,
Yastrzemski, Mike,573262,2021,468,532,105,49,28,3,25,131,51,24.6,9.6,.224,.457,9,75,
Iglesias, Jose,578428,2021,483,511,131,93,27,2,9,75,21,14.7,4.1,.271,.391,6,65,
Bryant, Kris,592178,2021,513,586,136,77,32,2,25,135,62,23.0,10.6,.265,.481,9,86,
Canha, Mark,592192,2021,519,625,120,77,22,4,17,128,77,20.5,12.3,.231,.387,27,93,
Castellanos, Nick,592206,2021,531,585,164,91,38,1,34,121,41,20.7,7.0,.309,.576,7,95,
Judge, Aaron,592450,2021,550,633,158,95,24,0,39,158,75,25.0,11.8,.287,.544,3,89,
Machado, Manny,592518,2021,564,640,157,96,31,2,28,102,63,15.9,9.8,.278,.489,2,92,
Realmuto, J.T.,592663,2021,476,537,125,79,25,4,17,129,48,24.0,8.9,.263,.439,11,64,
Renfroe, Hunter,592669,2021,521,572,135,71,33,0,31,130,44,22.7,7.7,.259,.501,1,89,
Merrifield, Whit,593160,2021,664,720,184,129,42,3,10,103,40,14.3,5.6,.277,.395,4,97,
Bogaerts, Xander,593428,2021,529,603,156,98,34,1,23,113,62,18.7,10.3,.295,.493,5,90,
Polanco, Jorge,593871,2021,588,644,158,88,35,2,33,118,45,18.3,7.0,.269,.503,5,97,
Sano, Miguel,593934,2021,470,532,105,51,24,0,30,183,59,34.4,11.1,.223,.466,2,68,
Duvall, Adam,594807,2021,513,555,117,60,17,2,38,174,35,31.4,6.3,.228,.491,4,67,
Baez, Javier,595879,2021,502,547,133,82,18,2,31,184,28,33.6,5.1,.265,.494,13,80,
Lindor, Francisco,596019,2021,452,524,104,65,16,3,20,96,58,18.3,11.1,.230,.412,5,73,
Story, Trevor,596115,2021,526,595,132,69,34,5,24,139,53,23.4,8.9,.251,.471,11,88,
Candelario, Jeimer,600869,2021,557,626,151,90,42,3,16,135,65,21.6,10.4,.271,.443,4,75,
Bell, Josh,605137,2021,498,568,130,78,24,1,27,101,65,17.8,11.4,.261,.476,2,75,
Betts, Mookie,605141,2021,466,550,123,68,29,3,23,86,68,15.6,12.4,.264,.487,11,93,
Tapia, Raimel,606132,2021,487,533,133,99,26,2,6,70,40,13.1,7.5,.273,.372,1,69,
Hernandez, Teoscar,606192,2021,550,595,163,102,29,0,32,148,36,24.9,6.1,.296,.524,7,92,
Turner, Trea,607208,2021,595,646,195,130,34,3,28,110,41,17.0,6.3,.328,.536,6,107,
Ramirez, Jose,608070,2021,552,636,147,74,32,5,36,87,72,13.7,11.3,.266,.538,7,111,
Gallo, Joey,608336,2021,498,616,99,47,13,1,38,213,111,34.6,18.0,.199,.458,6,90,
Swanson, Dansby,621020,2021,588,653,146,84,33,2,27,167,52,25.6,8.0,.248,.449,5,78,
Newman, Kevin,621028,2021,517,554,117,87,22,3,5,41,27,7.4,4.9,.226,.309,1,50,
Taylor, Chris,621035,2021,507,582,129,80,25,4,20,167,63,28.7,10.8,.254,.438,8,92,
Correa, Carlos,621043,2021,555,640,155,94,34,1,26,116,75,18.1,11.7,.279,.485,4,104,
Olson, Matt,621566,2021,565,673,153,79,35,0,39,113,88,16.8,13.1,.271,.540,9,101,
Alonso, Pete,624413,2021,561,637,147,80,27,3,37,127,60,19.9,9.4,.262,.519,12,81,
Frazier, Adam,624428,2021,577,639,176,130,36,5,5,69,48,10.8,7.5,.305,.411,10,83,
Soler, Jorge,624585,2021,516,602,115,61,27,0,27,142,67,23.6,11.1,.223,.432,6,74,
Cronenworth, Jake,630105,2021,567,643,151,90,33,7,21,90,55,14.0,8.6,.266,.460,10,94,
Meadows, Austin,640457,2021,518,591,121,62,29,3,27,122,59,20.6,10.0,.234,.458,6,79,
Anderson, Tim,641313,2021,527,551,163,115,29,2,17,119,22,21.6,4.0,.309,.469,1,94,
Crawford, J.P.,641487,2021,619,687,169,123,37,0,9,114,58,16.6,8.4,.273,.376,5,89,
Dozier, Hunter,641531,2021,487,543,105,56,27,6,16,154,43,28.4,7.9,.216,.394,7,55,
Mancini III, Trey,641820,2021,556,616,142,87,33,1,21,143,51,23.2,8.3,.255,.432,8,77,
McMahon, Ryan,641857,2021,528,596,134,78,32,1,23,147,59,24.7,9.9,.254,.449,4,80,
O'Neill, Tyler,641933,2021,482,537,138,76,26,2,34,168,38,31.3,7.1,.286,.560,13,89,
Rosario, Amed,642708,2021,550,588,155,113,25,6,11,120,31,20.4,5.3,.282,.409,3,77,
Adames, Willy,642715,2021,497,555,130,72,32,1,25,156,57,28.1,10.3,.262,.481,0,77,
Benintendi, Andrew,643217,2021,493,538,136,90,27,2,17,97,36,18.0,6.7,.276,.442,2,63,
Kiner-Falefa, Isiah,643396,2021,635,677,172,136,25,3,8,90,28,13.3,4.1,.271,.357,11,74,
Albies, Ozzie,645277,2021,629,686,163,86,40,7,30,128,47,18.7,6.9,.259,.488,3,103,
Devers, Rafael,646240,2021,591,664,165,89,37,1,38,143,62,21.5,9.3,.279,.538,7,101,
Urias, Luis,649966,2021,490,570,122,73,25,1,23,116,63,20.4,11.1,.249,.445,10,77,
Torres, Gleyber,650402,2021,459,516,119,88,22,0,9,104,50,20.2,9.7,.259,.366,1,50,
Diaz, Yandy,650490,2021,465,541,119,85,20,1,13,85,69,15.7,12.8,.256,.387,3,62,
Chapman, Matt,656305,2021,529,622,111,66,15,3,27,202,80,32.5,12.9,.210,.403,4,75,
Mullins II, Cedric,656775,2021,602,675,175,103,37,5,30,125,59,18.5,8.7,.291,.518,8,91,
Smith, Pavin,656976,2021,498,545,133,91,27,4,11,106,42,19.4,7.7,.267,.404,4,68,
Verdugo, Alex,657077,2021,544,604,157,110,32,2,13,96,51,15.9,8.4,.289,.426,4,88,
Moncada, Yoan,660162,2021,520,616,137,89,33,1,14,157,84,25.5,13.6,.263,.412,10,74,
Ohtani, Shohei,660271,2021,537,639,138,58,26,8,46,189,96,29.6,15.0,.257,.592,4,103,
Riley, Austin,663586,2021,590,662,179,112,33,1,33,168,52,25.4,7.9,.303,.531,12,91,
Mountcastle, Ryan,663624,2021,534,586,136,79,23,1,33,161,41,27.5,7.0,.255,.487,4,77,
Tucker, Kyle,663656,2021,506,567,149,79,37,3,30,90,53,15.9,9.3,.294,.557,1,83,
India, Jonathan,663697,2021,532,631,143,86,34,2,21,141,71,22.3,11.3,.269,.459,23,98,
Grisham, Trent,663757,2021,462,527,112,66,28,3,15,119,54,22.6,10.2,.242,.413,6,61,
Lowe, Nathaniel,663993,2021,557,642,147,102,24,3,18,162,80,25.2,12.5,.264,.415,2,75,
Happ, Ian,664023,2021,465,535,105,59,20,1,25,156,62,29.2,11.6,.226,.434,5,63,
France, Ty,664034,2021,571,650,166,115,32,1,18,106,46,16.3,7.1,.291,.445,27,85,
Lowe, Brandon,664040,2021,535,615,132,62,31,0,39,167,68,27.2,11.1,.247,.523,9,97,
Fletcher, David,664058,2021,626,665,164,132,27,3,2,60,31,9.0,4.7,.262,.324,1,74,
Straw, Myles,664702,2021,564,638,153,119,29,1,4,121,67,19.0,10.5,.271,.348,2,86,
Walsh, Jared,665120,2021,530,585,147,83,34,1,29,152,48,26.0,8.2,.277,.509,4,70,
Tatis Jr., Fernando,665487,2021,478,546,135,62,31,0,42,153,62,28.0,11.4,.282,.611,2,99,
Guerrero Jr., Vladimir,665489,2021,604,698,188,110,29,1,48,110,86,15.8,12.3,.311,.601,6,123,
Soto, Juan,665742,2021,502,654,157,106,20,2,29,93,145,14.2,22.2,.313,.534,2,111,
Chisholm Jr., Jazz,665862,2021,464,507,115,73,20,4,18,145,34,28.6,6.7,.248,.425,4,70,
Bichette, Bo,666182,2021,640,690,191,131,30,1,29,137,40,19.9,5.8,.298,.484,6,121,
Carlson, Dylan,666185,2021,542,619,144,91,31,4,18,152,57,24.6,9.2,.266,.437,11,79,
Garcia, Adolis,666969,2021,581,622,141,82,26,2,31,194,32,31.2,5.1,.243,.454,5,77,
Gurriel Jr., Lourdes,666971,2021,500,541,138,87,28,2,21,102,32,18.9,5.9,.276,.466,2,62,
Arozarena, Randy,668227,2021,529,604,145,90,32,3,20,170,56,28.1,9.3,.274,.459,14,94,
Reynolds, Bryan,668804,2021,559,646,169,102,35,8,24,119,75,18.4,11.6,.302,.522,8,93,
Rojas, Josh,668942,2021,484,550,128,82,32,3,11,137,58,24.9,10.5,.264,.411,0,69,
Edman, Tommy,669242,2021,641,691,168,113,41,3,11,95,38,13.7,5.5,.262,.387,6,91,
Solak, Nick,669256,2021,458,511,111,80,18,2,11,107,34,20.9,6.7,.242,.362,15,57,
Hays, Austin,669720,2021,488,529,125,73,26,4,22,107,28,20.2,5.3,.256,.461,9,73,
Lopez, Nicky,670032,2021,497,565,149,120,21,6,2,74,49,13.1,8.7,.300,.378,4,78,
Alvarez, Yordan,670541,2021,537,598,149,80,35,1,33,145,50,24.2,8.4,.277,.531,8,92,
Martinez, Victor,400121,2018,467,508,117,87,21,0,9,49,32,9.6,6.3,.251,.353,2,32,
Mauer, Joe,408045,2018,486,543,137,103,27,1,6,86,51,15.8,9.4,.282,.379,2,64,
Choo, Shin-Soo,425783,2018,560,665,148,96,30,1,21,156,92,23.5,13.8,.264,.434,10,83,
Molina, Yadier,425877,2018,459,503,120,80,20,0,20,66,29,13.1,5.8,.261,.436,9,55,
Encarnacion, Edwin,429665,2018,500,579,123,74,16,1,32,132,63,22.8,10.9,.246,.474,8,74,
Jones, Adam,430945,2018,580,613,163,113,35,0,15,93,24,15.2,3.9,.281,.419,5,54,
Kinsler, Ian,435079,2018,487,534,117,77,26,0,14,64,40,12.0,7.5,.240,.380,4,66,
Desmond, Ian,435622,2018,555,619,131,80,21,8,22,146,53,23.6,8.6,.236,.422,6,82,
Cruz Jr., Nelson,443558,2018,519,591,133,77,18,1,37,122,55,20.6,9.3,.256,.509,14,70,
Peralta, David,444482,2018,560,614,164,104,25,5,30,124,48,20.2,7.8,.293,.516,4,75,
Escobar, Alcides,444876,2018,485,531,112,83,22,3,4,74,29,13.9,5.5,.231,.313,5,54,
Jay, Jon,445055,2018,527,586,141,112,19,7,3,95,33,16.2,5.6,.268,.347,18,74,
Longoria, Evan,446334,2018,480,512,117,72,25,4,16,101,22,19.7,4.3,.244,.413,5,51,
Davis, Chris,448801,2018,470,522,79,51,12,0,16,192,41,36.8,7.9,.168,.296,7,40,
Zobrist, Ben,450314,2018,455,520,139,99,28,3,9,60,55,11.5,10.6,.305,.440,2,67,
Cabrera, Asdrubal,452678,2018,546,592,143,83,36,1,23,119,41,20.1,6.9,.262,.458,3,68,
Blackmon, Charlie,453568,2018,626,696,182,115,31,7,29,134,59,19.3,8.5,.291,.502,8,119,
Markakis, Nick,455976,2018,623,705,185,126,43,2,14,80,72,11.3,10.2,.297,.440,1,78,
Nunez, Eduardo,456488,2018,480,502,127,91,23,3,10,69,16,13.7,3.2,.265,.388,2,56,
Cain, Lorenzo,456715,2018,539,620,166,129,25,2,10,94,71,15.2,11.5,.308,.417,8,90,
McCutchen, Andrew,457705,2018,569,682,145,92,30,3,20,145,95,21.3,13.9,.255,.424,11,83,
Upton, Justin,457708,2018,533,613,137,88,18,1,30,176,64,28.7,10.4,.257,.463,10,80,
Votto, Joey,458015,2018,503,623,143,101,28,2,12,101,108,16.2,17.3,.284,.419,9,67,
Gardner, Brett,458731,2018,530,609,125,86,20,7,12,107,65,17.6,10.7,.236,.368,5,95,
Gordon, Alex,460086,2018,506,568,124,87,24,0,13,124,50,21.8,8.8,.245,.370,10,56,
Kemp, Matt,461314,2018,462,506,134,88,25,0,21,115,36,22.7,7.1,.290,.481,1,62,
Santana, Carlos,467793,2018,560,679,128,74,28,2,24,93,110,13.7,16.2,.229,.414,1,82,
Gonzalez, Carlos,471865,2018,463,504,128,76,32,4,16,113,37,22.4,7.3,.276,.467,1,71,
Alonso, Yonder,475174,2018,516,574,129,87,19,0,23,123,51,21.4,8.9,.250,.421,2,64,
Smoak, Justin,475253,2018,505,594,122,63,34,0,25,156,83,26.3,14.0,.242,.457,3,67,
Lowrie, Jed,476704,2018,596,680,159,98,37,1,23,128,78,18.8,11.5,.267,.448,3,78,
Brantley Jr., Michael,488726,2018,570,631,176,121,36,2,17,60,48,9.5,7.6,.309,.468,5,89,
Gurriel, Yuli,493329,2018,537,573,156,109,33,1,13,63,23,11.0,4.0,.291,.428,6,70,
Solarte, Yangervis,500208,2018,468,506,106,69,20,0,17,72,31,14.2,6.1,.226,.378,3,50,
Rojas, Miguel,500743,2018,488,528,123,99,13,0,11,69,24,13.1,4.5,.252,.346,9,44,
Escobar, Eduardo,500871,2018,566,631,154,80,48,3,23,126,52,20.0,8.2,.272,.489,5,75,
Martinez, Jose,500874,2018,534,590,163,116,30,0,17,104,49,17.6,8.3,.305,.457,2,64,
Davis, Khris,501981,2018,576,654,142,65,28,1,48,175,59,26.8,9.0,.247,.549,12,98,
Pham, Tommy,502054,2018,494,570,136,91,18,6,21,140,67,24.6,11.8,.275,.464,6,102,
Martinez, J.D.,502110,2018,569,649,188,106,37,2,43,146,69,22.5,10.6,.330,.629,4,111,
Goldschmidt, Paul,502671,2018,593,690,172,99,35,5,33,173,90,25.1,13.0,.290,.533,6,95,
Gonzalez, Marwin,503556,2018,489,552,121,77,25,3,16,126,53,22.8,9.6,.247,.409,3,61,
Altuve, Jose,514888,2018,534,599,169,125,29,2,13,79,55,13.2,9.2,.316,.451,6,84,
Hernandez, Cesar,514917,2018,605,708,153,120,15,3,15,155,95,21.9,13.4,.253,.362,4,91,
Segura, Jean,516416,2018,586,632,178,136,29,3,10,69,32,10.9,5.1,.304,.415,4,91,
Castro, Starlin,516770,2018,593,647,165,119,32,2,12,124,48,19.2,7.4,.278,.400,0,76,
Marte, Starling,516782,2018,559,606,155,98,32,5,20,109,35,18.0,5.8,.277,.460,8,81,
Dietrich, Derek,518618,2018,499,551,132,88,26,2,16,140,29,25.4,5.3,.265,.421,21,72,
Freeman, Freddie,518692,2018,618,707,191,120,44,4,23,132,76,18.7,10.7,.309,.505,7,94,
Grandal, Yasmani,518735,2018,440,518,106,57,23,2,24,124,72,23.9,13.9,.241,.466,3,65,
LeMahieu, DJ,518934,2018,533,581,147,98,32,2,15,82,37,14.1,6.4,.276,.428,2,90,
Moustakas, Mike,519058,2018,573,635,144,82,33,1,28,103,49,16.2,7.7,.251,.459,7,66,
Rizzo, Anthony,519203,2018,566,665,160,105,29,1,25,80,70,12.0,10.5,.283,.470,20,74,
Stanton, Giancarlo,519317,2018,617,705,164,91,34,1,38,211,70,29.9,9.9,.266,.509,8,102,
Galvis, Freddy,520471,2018,602,656,149,100,31,5,13,147,45,22.4,6.9,.248,.380,2,62,
Perez, Salvador,521692,2018,510,544,120,70,23,0,27,108,17,19.9,3.1,.235,.439,12,52,
Inciarte, Ender,542255,2018,597,660,158,115,27,6,10,86,49,13.0,7.4,.265,.380,6,83,
Ozuna, Marcell,542303,2018,582,628,163,122,16,2,23,110,38,17.5,6.1,.280,.433,3,69,
Villar, Jonathan,542340,2018,466,515,121,92,14,1,14,138,41,26.8,8.0,.260,.384,5,54,
Aguilar, Jesus,542583,2018,492,566,135,75,25,0,35,143,58,25.3,10.2,.274,.539,6,80,
Crawford, Brandon,543063,2018,531,594,135,91,28,2,14,122,50,20.5,8.4,.254,.394,8,63,
Cron, C.J.,543068,2018,501,560,127,68,28,1,30,145,37,25.9,6.6,.253,.493,17,68,
Hicks, Aaron,543305,2018,480,581,119,71,18,3,27,111,90,19.1,15.5,.248,.467,3,90,
Hosmer, Eric,543333,2018,613,677,155,104,31,2,18,142,62,21.0,9.2,.253,.398,1,72,
Kipnis, Jason,543401,2018,530,601,122,75,28,1,18,112,60,18.6,10.0,.230,.389,7,65,
Rendon, Anthony,543685,2018,529,597,163,93,44,2,24,82,55,13.7,9.2,.308,.535,5,88,
Semien, Marcus,543760,2018,632,703,161,109,35,2,15,131,61,18.6,8.7,.255,.388,1,89,
Shaw, Travis,543768,2018,498,587,120,65,23,0,32,108,78,18.4,13.3,.241,.480,4,73,
Springer III, George,543807,2018,544,620,144,96,26,0,22,122,64,19.7,10.3,.265,.434,5,102,
Strange-Gordon, Dee,543829,2018,556,588,149,120,17,8,4,80,9,13.6,1.5,.268,.349,9,62,
Gregorius, Didi,544369,2018,504,569,135,80,23,5,27,69,48,12.1,8.4,.268,.494,7,89,
Trout, Mike,545361,2018,471,608,147,80,24,4,39,124,122,20.4,20.1,.312,.628,10,101,
Herrera, Odubel,546318,2018,550,597,140,96,19,3,22,122,38,20.4,6.4,.255,.420,7,64,
Harper, Bryce,547180,2018,550,695,137,69,34,0,34,169,130,24.3,18.7,.249,.496,6,103,
Abreu, Jose,547989,2018,499,553,132,73,36,1,22,109,37,19.7,6.7,.265,.473,11,68,
Suarez, Eugenio,553993,2018,527,606,149,91,22,2,34,142,64,23.4,10.6,.283,.526,9,79,
Polanco, Gregory,570256,2018,461,535,117,56,32,6,23,117,61,21.9,11.4,.254,.499,3,75,
Sanchez, Yolmer,570560,2018,600,662,145,93,34,10,8,138,49,20.8,7.4,.242,.372,8,62,
Arenado, Nolan,571448,2018,590,673,175,97,38,2,38,122,73,18.1,10.8,.297,.561,3,104,
Barnhart, Tucker,571466,2018,460,522,114,80,21,3,10,96,54,18.4,10.3,.248,.372,2,50,
Gennett, Scooter,571697,2018,584,638,181,125,30,3,23,125,42,19.6,6.6,.310,.490,4,86,
Hamilton, Billy,571740,2018,504,556,119,90,16,9,4,132,46,23.7,8.3,.236,.327,1,74,
Haniger, Mitch,571745,2018,596,683,170,102,38,4,26,148,70,21.7,10.2,.285,.493,10,90,
Piscotty, Stephen,572039,2018,546,605,146,78,41,0,27,114,42,18.8,6.9,.267,.491,12,78,
Seager, Kyle,572122,2018,583,630,129,70,36,1,22,138,38,21.9,6.0,.221,.400,5,62,
Carpenter, Matt,572761,2018,564,677,145,67,42,0,36,158,102,23.3,15.1,.257,.523,6,111,
Dickerson, Corey,572816,2018,504,533,151,96,35,7,13,80,21,15.0,3.9,.300,.474,4,65,
Dozier, Brian,572821,2018,553,632,119,66,30,2,21,129,70,20.4,11.1,.215,.391,4,81,
Contreras, Willson,575929,2018,474,544,118,76,27,5,10,121,53,22.2,9.7,.249,.390,13,50,
Castellanos, Nick,592206,2018,620,678,185,111,46,5,23,151,49,22.3,7.2,.298,.500,6,88,
Healy, Ryon,592387,2018,493,524,116,77,15,0,24,113,27,21.6,5.2,.235,.412,2,51,
Machado, Manny,592518,2018,632,709,188,113,35,3,37,104,70,14.7,9.9,.297,.538,2,84,
Realmuto, J.T.,592663,2018,477,531,132,78,30,3,21,104,38,19.6,7.2,.277,.484,10,74,
Rosario, Eddie,592696,2018,559,592,161,104,31,2,24,104,30,17.6,5.1,.288,.479,0,87,
Simmons, Andrelton,592743,2018,554,600,162,120,26,5,11,44,35,7.3,5.8,.292,.417,5,68,
Yelich, Christian,592885,2018,574,651,187,110,34,7,36,135,68,20.7,10.4,.326,.598,7,118,
Merrifield, Whit,593160,2018,632,707,192,134,43,3,12,114,61,16.1,8.6,.304,.438,6,88,
Bogaerts, Xander,593428,2018,513,580,148,77,45,3,23,102,55,17.6,9.5,.288,.522,6,72,
Calhoun, Kole,594777,2018,491,552,102,63,18,2,19,133,53,24.1,9.6,.208,.369,1,71,
Profar, Jurickson,595777,2018,524,594,133,72,35,6,20,88,54,14.8,9.1,.254,.458,12,82,
Baez, Javier,595879,2018,606,645,176,93,40,9,34,167,29,25.9,4.5,.290,.554,5,101,
Lindor, Francisco,596019,2018,661,745,183,101,42,2,38,107,70,14.4,9.4,.277,.519,8,129,
Odor, Rougned,596059,2018,474,535,120,77,23,2,18,127,43,23.7,8.0,.253,.424,11,76,
Story, Trevor,596115,2018,598,656,174,89,42,6,37,168,47,25.6,7.2,.291,.567,7,88,
Kepler, Max,596146,2018,532,611,119,65,30,4,20,96,71,15.7,11.6,.224,.408,5,80,
Bradley Jr., Jackie,598265,2018,474,535,111,61,33,4,13,137,46,25.6,8.6,.234,.403,11,76,
Candelario, Jeimer,600869,2018,539,619,121,71,28,3,19,160,66,25.8,10.7,.224,.393,9,78,
Ahmed, Nick,605113,2018,516,564,121,67,33,5,16,109,40,19.3,7.1,.234,.411,2,61,
Anderson, Brian,605119,2018,590,670,161,112,34,4,11,129,62,19.3,9.3,.273,.400,16,87,
Bell, Josh,605137,2018,501,583,131,84,31,4,12,104,77,17.8,13.2,.261,.411,0,74,
Betts, Mookie,605141,2018,520,614,180,96,47,5,32,91,81,14.8,13.2,.346,.640,8,129,
Smith, Mallex,605480,2018,480,544,142,103,27,10,2,98,47,18.0,8.6,.296,.406,8,65,
Hernandez, Teoscar,606192,2018,476,523,114,56,29,7,22,163,41,31.2,7.8,.239,.468,3,67,
Peraza, Jose,606299,2018,632,683,182,133,31,4,14,75,29,11.0,4.2,.288,.416,9,85,
Marte, Ketel,606466,2018,520,580,135,83,26,12,14,79,54,13.6,9.3,.260,.437,3,68,
Nimmo, Brandon,607043,2018,433,535,114,61,28,8,17,140,80,26.2,15.0,.263,.483,22,77,
Turner, Trea,607208,2018,664,740,180,128,27,6,19,132,69,17.8,9.3,.271,.416,5,103,
Pillar, Kevin,607680,2018,512,542,129,72,40,2,15,98,18,18.1,3.3,.252,.426,6,65,
Ramirez, Jose,608070,2018,578,698,156,75,38,4,39,80,106,11.5,15.2,.270,.552,8,110,
Bregman, Alex,608324,2018,594,705,170,87,51,1,31,85,96,12.1,13.6,.286,.532,12,105,
Gallo, Joey,608336,2018,500,577,103,38,24,1,40,207,74,35.9,12.8,.206,.498,3,82,
Mazara, Nomar,608577,2018,489,536,126,80,25,1,20,116,40,21.6,7.5,.258,.436,4,61,
Andujar, Miguel,609280,2018,573,606,170,94,47,2,27,97,25,16.0,4.1,.297,.527,4,83,
Swanson, Dansby,621020,2018,478,533,114,71,25,4,14,122,44,22.9,8.3,.238,.395,2,51,
Taylor, Chris,621035,2018,536,604,136,76,35,8,17,178,55,29.5,9.1,.254,.444,9,85,
Wendle, Joey,621563,2018,487,545,146,100,33,6,7,96,37,17.6,6.8,.300,.435,9,62,
Olson, Matt,621566,2018,580,660,143,81,33,0,29,163,70,24.7,10.6,.247,.453,8,85,
Duffy, Matt,622110,2018,503,560,148,121,22,1,4,93,47,16.6,8.4,.294,.366,7,59,
Margot, Manuel,622534,2018,477,519,117,75,26,8,8,88,32,17.0,6.2,.245,.384,2,50,
Camargo, Johan,622666,2018,464,524,126,79,27,1,19,108,51,20.6,9.7,.272,.457,6,63,
Conforto, Michael,624424,2018,543,638,132,78,25,1,28,159,84,24.9,13.2,.243,.448,7,78,
Anderson, Tim,641313,2018,567,606,136,85,28,3,20,149,30,24.6,5.0,.240,.406,4,77,
Bellinger, Cody,641355,2018,557,632,145,85,28,7,25,151,69,23.9,10.9,.260,.470,3,84,
Mancini III, Trey,641820,2018,582,636,141,91,23,3,24,153,44,24.1,6.9,.242,.416,5,69,
Rosario, Amed,642708,2018,554,592,142,99,26,8,9,119,29,20.1,4.9,.256,.381,3,76,
Benintendi, Andrew,643217,2018,579,661,168,105,41,6,16,106,71,16.0,10.7,.290,.465,2,103,
Albies, Ozzie,645277,2018,639,684,167,98,40,5,24,116,36,17.0,5.3,.261,.452,5,105,
Chapman, Matt,656305,2018,547,616,152,80,42,6,24,146,58,23.7,9.4,.278,.508,9,100,
Hoskins, Rhys,656555,2018,558,660,137,65,38,0,34,150,87,22.7,13.2,.246,.496,9,89,
Schwarber, Kyle,656941,2018,428,510,102,59,14,3,26,140,78,27.5,15.3,.238,.467,1,64,
Moncada, Yoan,660162,2018,578,650,136,81,32,6,17,217,67,33.4,10.3,.235,.400,1,73,
Pujols, Albert,405395,2019,491,545,120,75,22,0,23,68,43,12.5,7.9,.244,.430,3,55,
Cabrera, Miguel,408234,2019,493,549,139,106,21,0,12,108,48,19.7,8.7,.282,.398,3,41,
Choo, Shin-Soo,425783,2019,563,660,149,92,31,2,24,165,78,25.0,11.8,.265,.455,18,93,
Jones, Adam,430945,2019,485,528,126,84,25,1,16,101,31,19.1,5.9,.260,.414,8,66,
Cruz Jr., Nelson,443558,2019,454,521,141,74,26,0,41,131,56,25.1,10.7,.311,.639,7,81,
Longoria, Evan,446334,2019,453,508,115,74,19,2,20,112,43,22.0,8.5,.254,.437,7,59,
Fowler, Dexter,451594,2019,487,574,116,72,24,1,19,142,74,24.7,12.9,.238,.409,8,69,
Cabrera, Asdrubal,452678,2019,447,514,116,72,25,1,18,103,57,20.0,11.1,.260,.441,3,69,
Blackmon, Charlie,453568,2019,580,634,182,101,42,7,32,104,40,16.4,6.3,.314,.576,9,112,
Cain, Lorenzo,456715,2019,562,623,146,105,30,0,11,106,50,17.0,8.0,.260,.372,6,75,
Turner, Justin,457759,2019,479,549,139,88,24,0,27,88,51,16.0,9.3,.290,.509,14,80,
Votto, Joey,458015,2019,525,608,137,89,32,1,15,123,76,20.2,12.5,.261,.411,4,79,
Gardner, Brett,458731,2019,491,550,123,62,26,7,28,108,52,19.6,9.5,.251,.503,4,86,
Braun, Ryan,460075,2019,459,508,131,76,31,2,22,105,34,20.7,6.7,.285,.505,8,70,
Gordon, Alex,460086,2019,556,633,148,103,31,1,13,100,51,15.8,8.1,.266,.396,19,77,
Andrus, Elvis,462101,2019,600,648,165,122,27,4,12,96,34,14.8,5.2,.275,.393,4,81,
Ramos, Wilson,467092,2019,473,524,136,103,19,0,14,69,44,13.2,8.4,.288,.416,4,52,
Santana, Carlos,467793,2019,573,686,161,96,30,1,34,108,108,15.7,15.7,.281,.515,3,110,
Belt, Brandon,474832,2019,526,616,123,71,32,3,17,127,83,20.6,13.5,.234,.403,3,76,
Brantley Jr., Michael,488726,2019,575,637,179,115,40,2,22,66,51,10.4,8.0,.311,.503,7,88,
Gurriel, Yuli,493329,2019,564,612,168,95,40,2,31,65,37,10.6,6.0,.298,.541,5,85,
Rojas, Miguel,500743,2019,483,526,137,102,29,1,5,62,32,11.8,6.1,.284,.379,5,52,
Escobar, Eduardo,500871,2019,636,699,171,97,29,10,35,130,50,18.6,7.2,.269,.511,3,94,
Davis, Khris,501981,2019,481,533,106,72,11,0,23,146,47,27.4,8.8,.220,.387,3,61,
Pham, Tommy,502054,2019,567,654,155,99,33,2,21,123,81,18.8,12.4,.273,.450,5,77,
Martinez, J.D.,502110,2019,575,657,175,104,33,2,36,138,72,21.0,11.0,.304,.557,4,98,
Reddick, Josh,502210,2019,501,550,138,102,19,3,14,66,36,12.0,6.5,.275,.409,0,57,
Goldschmidt, Paul,502671,2019,597,682,155,95,25,1,34,166,78,24.3,11.4,.260,.476,2,97,
Altuve, Jose,514888,2019,500,548,149,88,27,3,31,82,41,15.0,7.5,.298,.550,3,89,
Hernandez, Cesar,514917,2019,612,667,171,123,31,3,14,100,45,15.0,6.7,.279,.408,6,77,
Segura, Jean,516416,2019,576,618,161,108,37,4,12,73,30,11.8,4.9,.280,.420,8,79,
Castro, Starlin,516770,2019,636,676,172,115,31,4,22,111,28,16.4,4.1,.270,.436,3,68,
Marte, Starling,516782,2019,539,586,159,99,31,6,23,94,25,16.0,4.3,.295,.503,16,97,
Donaldson, Josh,518626,2019,549,659,142,72,33,0,37,155,100,23.5,15.2,.259,.521,8,96,
Freeman, Freddie,518692,2019,597,692,176,102,34,2,38,127,87,18.4,12.6,.295,.549,6,113,
Grandal, Yasmani,518735,2019,513,632,126,70,26,2,28,139,109,22.0,17.2,.246,.468,5,79,
Heyward, Jason,518792,2019,513,589,129,84,20,4,21,110,68,18.7,11.5,.251,.429,5,78,
LeMahieu, DJ,518934,2019,602,655,197,136,33,2,26,90,46,13.7,7.0,.327,.518,2,109,
Moustakas, Mike,519058,2019,523,584,133,67,30,1,35,98,53,16.8,9.1,.254,.516,6,80,
Rizzo, Anthony,519203,2019,512,613,150,91,29,3,27,86,71,14.0,11.6,.293,.520,27,89,
Galvis, Freddy,520471,2019,557,589,145,93,28,1,23,145,28,24.6,4.8,.260,.438,1,67,
Garcia, Avisail,541645,2019,489,530,138,91,25,2,20,125,31,23.6,5.8,.282,.464,7,61,
Ozuna, Marcell,542303,2019,485,549,117,64,23,1,29,114,62,20.8,11.3,.241,.472,1,80,
Villar, Jonathan,542340,2019,642,714,176,114,33,5,24,176,61,24.6,8.5,.274,.453,4,111,
Santana, Danny,542454,2019,474,511,134,77,23,6,28,151,25,29.5,4.9,.283,.534,6,81,
Crawford, Brandon,543063,2019,500,560,114,77,24,2,11,117,53,20.9,9.5,.228,.350,3,58,
Hosmer, Eric,543333,2019,619,667,164,111,29,2,22,163,40,24.4,6.0,.265,.425,3,72,
Kipnis, Jason,543401,2019,458,511,112,71,23,1,17,88,40,17.2,7.8,.245,.410,2,52,
Rendon, Anthony,543685,2019,545,646,174,93,44,3,34,86,80,13.3,12.4,.319,.598,12,117,
Semien, Marcus,543760,2019,657,747,187,104,43,7,33,102,87,13.7,11.6,.285,.522,2,123,
Springer III, George,543807,2019,479,556,140,78,20,3,39,113,67,20.3,12.1,.292,.591,6,96,
Vazquez, Christian,543877,2019,482,521,133,83,26,1,23,101,33,19.4,6.3,.276,.477,0,66,
Wong, Kolten,543939,2019,478,549,136,96,25,4,11,83,47,15.1,8.6,.285,.423,13,61,
Garcia, Leury,544725,2019,577,618,161,123,27,3,8,139,21,22.5,3.4,.279,.378,6,93,
Grichuk, Randal,545341,2019,586,628,136,71,29,5,31,163,35,26.0,5.6,.232,.457,5,75,
Trout, Mike,545361,2019,470,600,137,63,27,2,45,120,110,20.0,18.3,.291,.645,16,110,
Harper, Bryce,547180,2019,573,682,149,77,36,1,35,178,99,26.1,14.5,.260,.510,6,98,
Abreu, Jose,547989,2019,634,693,180,108,38,1,33,152,36,21.9,5.2,.284,.503,13,85,
Suarez, Eugenio,553993,2019,575,662,156,83,22,2,49,189,70,28.5,10.6,.271,.572,11,87,
Santana, Domingo,570267,2019,451,507,114,72,20,1,21,164,50,32.3,9.9,.253,.441,2,63,
Sanchez, Yolmer,570560,2019,496,555,125,99,20,4,2,117,44,21.1,7.9,.252,.321,5,59,
Arenado, Nolan,571448,2019,588,662,185,111,31,2,41,93,62,14.0,9.4,.315,.583,4,102,
Muncy, Max,571970,2019,487,589,122,64,22,1,35,149,90,25.3,15.3,.251,.515,8,101,
Voit III, Luke,572228,2019,429,510,113,70,21,1,21,142,71,27.8,13.9,.263,.464,9,72,
Walker, Christian,572233,2019,529,603,137,81,26,1,29,155,67,25.7,11.1,.259,.476,6,86,
Iglesias, Jose,578428,2019,504,530,145,110,21,3,11,70,20,13.2,3.8,.288,.407,3,62,
Bryant, Kris,592178,2019,543,634,153,86,35,1,31,145,74,22.9,11.7,.282,.521,15,108,
Castellanos, Nick,592206,2019,615,664,178,90,58,3,27,143,41,21.5,6.2,.289,.525,5,100,
Machado, Manny,592518,2019,587,661,150,95,21,2,32,128,65,19.4,9.8,.256,.462,6,81,
Moran, Colin,592567,2019,466,503,129,85,30,1,13,117,30,23.3,6.0,.277,.429,3,46,
Pederson, Joc,592626,2019,450,514,112,57,16,3,36,111,50,21.6,9.7,.249,.538,12,83,
Realmuto, J.T.,592663,2019,538,593,148,84,36,3,25,123,41,20.7,6.9,.275,.493,5,92,
Rosario, Eddie,592696,2019,562,590,155,94,28,1,32,86,22,14.6,3.7,.276,.500,0,91,
Yelich, Christian,592885,2019,489,580,161,85,29,3,44,118,80,20.3,13.8,.329,.671,8,100,
Merrifield, Whit,593160,2019,681,735,206,139,41,10,16,126,45,17.1,6.1,.302,.463,5,105,
Bogaerts, Xander,593428,2019,614,698,190,105,52,0,33,122,76,17.5,10.9,.309,.555,2,110,
Alberto, Hanser,593643,2019,524,550,160,125,21,2,12,50,16,9.1,2.9,.305,.422,4,62,
Polanco, Jorge,593871,2019,631,704,186,117,40,7,22,116,60,16.5,8.5,.295,.485,4,107,
Calhoun, Kole,594777,2019,552,632,128,65,29,1,33,162,70,25.6,11.1,.232,.467,7,92,
Eaton, Adam,594809,2019,566,656,158,111,25,7,15,106,65,16.2,9.9,.279,.428,13,103,
Profar, Jurickson,595777,2019,459,518,100,54,24,2,20,75,48,14.5,9.3,.218,.410,8,65,
Baez, Javier,595879,2019,531,561,149,78,38,4,29,156,28,27.8,5.0,.281,.531,0,89,
Lindor, Francisco,596019,2019,598,654,170,96,40,2,32,98,46,15.0,7.0,.284,.518,3,101,
Odor, Rougned,596059,2019,522,581,107,46,30,1,30,178,52,30.6,9.0,.205,.439,5,77,
Story, Trevor,596115,2019,588,656,173,95,38,5,35,174,58,26.5,8.8,.294,.554,7,111,
Vogelbach, Daniel,596129,2019,462,558,96,49,17,0,30,149,92,26.7,16.5,.208,.439,2,73,
Kepler, Max,596146,2019,524,596,132,64,32,0,36,99,60,16.6,10.1,.252,.519,8,98,
Bradley Jr., Jackie,598265,2019,494,567,111,59,28,3,21,155,56,27.3,9.9,.225,.421,12,69,
Nunez, Renato,600524,2019,541,599,132,77,24,0,31,143,44,23.9,7.3,.244,.460,10,72,
Ahmed, Nick,605113,2019,556,625,141,83,33,6,19,113,52,18.1,8.3,.254,.437,4,79,
Anderson, Brian,605119,2019,459,520,120,66,33,1,20,114,44,21.9,8.5,.261,.468,14,57,
Bell, Josh,605137,2019,527,613,146,69,37,3,37,118,74,19.2,12.1,.277,.569,5,94,
Betts, Mookie,605141,2019,597,706,176,102,40,5,29,101,97,14.3,13.7,.295,.524,3,135,
Smith, Mallex,605480,2019,510,566,116,82,19,9,6,141,42,24.9,7.4,.227,.335,11,70,
Arcia, Orlando,606115,2019,494,546,110,78,16,1,15,109,43,20.0,7.9,.223,.350,1,51,
Marte, Ketel,606466,2019,569,628,187,110,36,9,32,86,53,13.7,8.4,.329,.592,4,97,
Turner, Trea,607208,2019,521,569,155,94,37,5,19,113,43,19.9,7.6,.298,.497,3,96,
Pillar, Kevin,607680,2019,611,645,158,97,37,3,21,89,18,13.8,2.8,.259,.432,9,83,
Ramirez, Jose,608070,2019,482,542,123,64,33,3,23,74,52,13.7,9.6,.255,.479,2,68,
Bregman, Alex,608324,2019,554,690,164,84,37,2,41,83,119,12.0,17.2,.296,.592,9,122,
Seager, Corey,608369,2019,489,541,133,69,44,1,19,98,44,18.1,8.1,.272,.483,4,82,
Reyes, Franmil,614177,2019,494,548,123,67,19,0,37,156,47,28.5,8.6,.249,.512,0,69,
Swanson, Dansby,621020,2019,483,545,121,75,26,3,17,124,51,22.8,9.4,.251,.422,5,77,
Newman, Kevin,621028,2019,493,531,152,114,20,6,12,62,28,11.7,5.3,.308,.446,7,61,
Olson, Matt,621566,2019,483,547,129,67,26,0,36,138,51,25.2,9.3,.267,.545,12,73,
Alonso, Pete,624413,2019,597,693,155,70,30,2,53,183,72,26.4,10.4,.260,.583,21,103,
Conforto, Michael,624424,2019,549,648,141,78,29,1,33,149,84,23.0,13.0,.257,.494,10,90,
Frazier, Adam,624428,2019,554,608,154,104,33,7,10,75,40,12.3,6.6,.278,.417,9,80,
Puig, Yasiel,624577,2019,555,611,148,92,30,2,24,133,44,21.8,7.2,.267,.458,8,76,
Soler, Jorge,624585,2019,589,679,156,74,33,1,48,178,73,26.2,10.8,.265,.569,10,95,
Meadows, Austin,640457,2019,530,591,154,85,29,7,33,131,54,22.2,9.1,.291,.558,7,83,
Anderson, Tim,641313,2019,498,518,167,117,32,0,18,109,15,21.0,2.9,.335,.508,3,81,
Bellinger, Cody,641355,2019,558,661,170,86,34,3,47,108,95,16.3,14.4,.305,.629,3,121,
Dozier, Hunter,641531,2019,523,586,146,81,29,10,26,148,55,25.3,9.4,.279,.522,3,75,
Mancini III, Trey,641820,2019,602,679,175,100,38,2,35,143,63,21.1,9.3,.291,.535,9,106,
McMahon, Ryan,641857,2019,480,539,120,73,22,1,24,160,56,29.7,10.4,.250,.450,1,70,
Rosario, Amed,642708,2019,616,655,177,125,30,7,15,124,31,18.9,4.7,.287,.432,3,75,
Adames, Willy,642715,2019,531,584,135,89,25,1,20,153,46,26.2,7.9,.254,.418,3,69,
Benintendi, Andrew,643217,2019,541,615,144,86,40,5,13,140,59,22.8,9.6,.266,.431,7,72,
McNeil, Jeff,643446,2019,510,567,162,100,38,1,23,75,35,13.2,6.2,.318,.531,21,83,
Albies, Ozzie,645277,2019,640,702,189,114,43,8,24,112,54,16.0,7.7,.295,.500,4,102,
Robles, Victor,645302,2019,546,617,139,86,33,3,17,140,35,22.7,5.7,.255,.419,25,86,
Devers, Rafael,646240,2019,647,702,201,111,54,4,32,119,48,17.0,6.8,.311,.555,4,129,
Jimenez, Eloy,650391,2019,468,504,125,74,18,2,31,134,30,26.6,6.0,.267,.513,4,69,
Torres, Gleyber,650402,2019,546,604,152,88,26,0,38,129,48,21.4,7.9,.278,.535,3,96,
Chapman, Matt,656305,2019,583,670,145,70,36,3,36,147,73,21.9,10.9,.249,.506,11,102,
Hoskins, Rhys,656555,2019,570,705,129,62,33,5,29,173,116,24.5,16.5,.226,.454,11,86,
Schwarber, Kyle,656941,2019,529,610,132,62,29,3,38,156,70,25.6,11.5,.250,.531,5,82,
DeJong, Paul,657557,2019,583,664,136,74,31,1,30,149,62,22.4,9.3,.233,.444,13,97,
Moncada, Yoan,660162,2019,511,559,161,97,34,5,25,154,40,27.5,7.2,.315,.548,4,83,
Acuna Jr., Ronald,660670,2019,626,715,175,110,22,2,41,188,76,26.3,10.6,.280,.518,9,127,
Fletcher, David,664058,2019,596,653,173,133,30,4,6,64,55,9.8,8.4,.290,.384,0,83,
Guerrero Jr., Vladimir,665489,2019,464,514,126,83,26,2,15,91,46,17.7,8.9,.272,.433,2,52,
Soto, Juan,665742,2019,542,659,153,82,32,5,34,132,108,20.0,16.4,.282,.548,3,110,
Reynolds, Bryan,668804,2019,491,546,154,97,37,4,16,121,46,22.2,8.4,.314,.503,6,83,
Ortiz, David,120074,2016,537,626,169,82,48,1,38,86,80,13.7,12.8,.315,.620,2,79,
Beltre, Adrian,134181,2016,583,640,175,111,31,1,32,66,48,10.3,7.5,.300,.521,6,89,
Beltran, Carlos,136860,2016,552,593,163,101,33,0,29,101,35,17.0,5.9,.295,.513,2,73,
Werth, Jayson,150029,2016,525,606,128,79,28,0,21,139,71,22.9,11.7,.244,.417,4,84,
Martinez, Victor,400121,2016,553,610,160,111,22,0,27,90,50,14.8,8.2,.289,.476,4,65,
Utley, Chase,400284,2016,512,565,129,86,26,3,14,115,40,20.4,7.1,.252,.396,11,79,
Pujols, Albert,405395,2016,593,650,159,109,19,0,31,75,49,11.5,7.5,.268,.457,2,71,
Mauer, Joe,408045,2016,494,576,129,92,22,4,11,93,79,16.1,13.7,.261,.389,1,68,
Cabrera, Miguel,408234,2016,595,679,188,118,31,1,38,116,75,17.1,11.0,.316,.563,4,92,
Gonzalez, Adrian,408236,2016,568,633,162,113,31,0,18,117,55,18.5,8.7,.285,.435,4,69,
Phillips, Brandon,408252,2016,550,584,160,114,34,1,11,68,18,11.6,3.1,.291,.416,8,74,
Upton Jr., B.J.,425834,2016,492,539,117,79,15,3,20,155,37,28.8,6.9,.238,.402,2,64,
Molina, Yadier,425877,2016,534,581,164,117,38,1,8,63,39,10.8,6.7,.307,.427,6,56,
Cano, Robinson,429664,2016,655,715,195,121,33,2,39,100,47,14.0,6.6,.298,.533,8,107,
Encarnacion, Edwin,429665,2016,601,702,158,82,34,0,42,138,87,19.7,12.4,.263,.529,5,99,
Bautista, Jose,430832,2016,423,517,99,52,24,1,22,103,87,19.9,16.8,.234,.452,3,68,
Jones, Adam,430945,2016,619,672,164,116,19,0,29,115,39,17.1,5.8,.265,.436,5,86,
Martin, Russell,431145,2016,455,535,105,69,16,0,20,148,64,27.7,12.0,.231,.398,10,62,
Granderson, Curtis,434158,2016,545,633,129,70,24,5,30,130,74,20.5,11.7,.237,.464,9,88,
Pagan, Angel,434636,2016,495,543,137,96,24,5,12,66,42,12.2,7.7,.277,.418,0,71,
Ramirez, Hanley,434670,2016,549,620,157,98,28,1,30,120,60,19.4,9.7,.286,.505,7,81,
Morales, Kendrys,434778,2016,558,618,147,93,24,0,30,120,48,19.4,7.8,.263,.468,7,65,
Kendrick III, Howie,435062,2016,487,543,124,88,26,2,8,96,50,17.7,9.2,.255,.366,3,65,
Napoli, Mike,435063,2016,557,645,133,76,22,1,34,194,78,30.1,12.1,.239,.465,5,92,
Kinsler, Ian,435079,2016,618,679,178,117,29,4,28,115,45,16.9,6.6,.288,.484,13,117,
Desmond, Ian,435622,2016,625,677,178,124,29,3,22,160,44,23.6,6.5,.285,.446,5,107,
Cruz Jr., Nelson,443558,2016,589,667,169,98,27,1,43,159,62,23.8,9.3,.287,.555,9,96,
Trumbo, Mark,444432,2016,613,667,157,82,27,1,47,170,51,25.5,7.6,.256,.533,3,94,
Escobar, Alcides,444876,2016,637,682,166,129,24,6,7,96,27,14.1,4.0,.261,.350,3,57,
Prado, Martin,445988,2016,600,658,183,135,37,3,8,69,49,10.5,7.4,.305,.417,4,70,
Longoria, Evan,446334,2016,633,685,173,92,41,4,36,144,42,21.0,6.1,.273,.521,3,81,
Cozart, Zack,446359,2016,464,508,117,71,28,2,16,84,37,16.5,7.3,.252,.425,2,67,
Davis, Chris,448801,2016,566,665,125,66,21,0,38,219,88,32.9,13.2,.221,.459,8,99,
Zobrist, Ben,450314,2016,523,631,142,90,31,3,18,82,96,13.0,15.2,.272,.446,4,94,
Fowler, Dexter,451594,2016,456,551,126,81,25,7,13,124,79,22.5,14.3,.276,.447,11,84,
Headley, Chase,452104,2016,467,529,118,85,18,1,14,118,51,22.3,9.6,.253,.385,6,58,
Span, Denard,452655,2016,572,637,152,113,23,5,11,79,53,12.4,8.3,.266,.381,4,70,
Cabrera, Asdrubal,452678,2016,521,568,146,92,30,1,23,103,38,18.1,6.7,.280,.474,7,65,
Ellsbury, Jacoby,453056,2016,551,626,145,107,24,5,9,84,54,13.4,8.6,.263,.374,2,71,
Tulowitzki, Troy,453064,2016,492,544,125,80,21,0,24,101,43,18.6,7.9,.254,.443,5,54,
Blackmon, Charlie,453568,2016,578,641,187,118,35,5,29,102,43,15.9,6.7,.324,.552,13,111,
Frazier, Todd,453943,2016,590,666,133,72,21,0,40,163,64,24.5,9.6,.225,.464,4,89,
Markakis, Nick,455976,2016,599,684,161,110,38,0,13,101,71,14.8,10.4,.269,.397,5,67,
Pedroia, Dustin,456030,2016,633,698,201,149,36,1,15,73,61,10.5,8.7,.318,.449,0,105,
Nunez, Eduardo,456488,2016,553,595,159,115,24,4,16,88,29,14.8,4.9,.288,.432,5,73,
McCutchen, Andrew,457705,2016,598,675,153,100,26,3,24,143,69,21.2,10.2,.256,.430,5,81,
Upton, Justin,457708,2016,570,626,140,79,28,2,31,179,50,28.6,8.0,.246,.465,4,81,
Turner, Justin,457759,2016,556,622,153,89,34,3,27,107,48,17.2,7.7,.275,.493,10,79,
Posey III, Buster,457763,2016,539,614,155,106,33,2,14,68,64,11.1,10.4,.288,.434,3,82,
Espinosa, Danny,457787,2016,516,601,108,69,15,0,24,174,54,29.0,9.0,.209,.378,20,66,
Bruce, Jay,457803,2016,539,589,135,69,27,6,33,126,44,21.4,7.5,.250,.506,3,74,
Votto, Joey,458015,2016,556,677,181,116,34,2,29,120,108,17.7,16.0,.326,.550,5,101,
Gardner, Brett,458731,2016,547,634,143,108,22,6,7,106,70,16.7,11.0,.261,.362,8,80,
Saunders, Michael,459431,2016,490,558,124,65,32,3,24,157,59,28.1,10.6,.253,.478,5,70,
Braun, Ryan,460075,2016,511,564,156,100,23,3,30,98,46,17.4,8.2,.305,.538,4,80,
Gordon, Alex,460086,2016,445,506,98,63,16,2,17,148,52,29.2,10.3,.220,.380,8,62,
Kemp, Matt,461314,2016,623,672,167,93,39,0,35,156,36,23.2,5.4,.268,.499,1,89,
Andrus, Elvis,462101,2016,506,568,153,107,31,7,8,70,47,12.3,8.3,.302,.439,4,75,
Cabrera, Melky,466320,2016,591,646,175,114,42,5,14,69,47,10.7,7.3,.296,.455,0,70,
Ramos, Wilson,467092,2016,482,523,148,101,25,0,22,79,35,15.1,6.7,.307,.496,2,58,
Santana, Carlos,467793,2016,582,688,151,83,31,3,34,99,99,14.4,14.4,.259,.498,2,89,
Gonzalez, Carlos,471865,2016,584,632,174,105,42,2,25,129,46,20.4,7.3,.298,.505,1,87,
Mercer, Jordy,474568,2016,519,584,133,97,22,3,11,83,51,14.2,8.7,.256,.374,5,66,
Belt, Brandon,474832,2016,542,655,149,83,41,8,17,148,104,22.6,15.9,.275,.474,5,77,
Carter, Chris,474892,2016,549,644,122,53,27,1,41,206,76,32.0,11.8,.222,.499,9,84,
Alonso, Yonder,475174,2016,482,532,122,81,34,0,7,74,45,13.9,8.5,.253,.367,1,52,
Escobar, Yunel,488862,2016,517,567,157,123,28,1,5,67,40,11.8,7.1,.304,.391,3,68,
Cespedes, Yoenis,493316,2016,479,543,134,77,25,1,31,108,51,19.9,9.4,.280,.530,7,72,
Ramirez, Alexei,493351,2016,478,506,115,85,22,2,6,63,21,12.5,4.2,.241,.333,4,38,
Davis, Khris,501981,2016,555,610,137,69,24,2,42,166,42,27.2,6.9,.247,.524,8,85,
Martinez, J.D.,502110,2016,460,517,141,82,35,2,22,128,49,24.8,9.5,.307,.535,3,69,
Valencia, Danny,502143,2016,471,517,135,95,22,1,17,115,41,22.2,7.9,.287,.446,3,72,
Murphy, Daniel,502517,2016,531,582,184,107,47,5,25,57,35,9.8,6.0,.347,.595,8,88,
Goldschmidt, Paul,502671,2016,579,705,172,112,33,3,24,150,110,21.3,15.6,.297,.489,7,106,
Gonzalez, Marwin,503556,2016,484,518,123,81,26,3,13,118,22,22.8,4.2,.254,.401,5,55,
Altuve, Jose,514888,2016,640,717,216,145,42,5,24,70,60,9.8,8.4,.338,.531,7,108,
Hernandez, Cesar,514917,2016,547,622,161,130,14,11,6,116,66,18.6,10.6,.294,.393,2,67,
Segura, Jean,516416,2016,637,694,203,135,41,7,20,101,39,14.6,5.6,.319,.499,12,102,
Castro, Starlin,516770,2016,577,610,156,105,29,1,21,118,24,19.3,3.9,.270,.433,3,63,
Marte, Starling,516782,2016,489,529,152,104,34,5,9,104,23,19.7,4.3,.311,.456,16,71,
Donaldson, Josh,518626,2016,577,700,164,90,32,5,37,119,109,17.0,15.6,.284,.549,9,122,
Freeman, Freddie,518692,2016,589,693,178,95,43,6,34,171,89,24.7,12.8,.302,.569,10,102,
Heyward, Jason,518792,2016,530,592,122,87,27,1,7,93,54,15.7,9.1,.230,.325,5,61,
LeMahieu, DJ,518934,2016,552,635,192,141,32,8,11,80,66,12.6,10.4,.348,.495,3,104,
Lucroy, Jonathan,518960,2016,490,544,143,92,24,3,24,100,47,18.4,8.6,.292,.500,3,67,
Moreland, Mitch,519048,2016,460,503,107,64,21,0,22,118,35,23.5,7.0,.233,.422,8,49,
Rizzo, Anthony,519203,2016,583,676,170,91,43,4,32,108,74,16.0,10.9,.292,.544,16,94,
Vogt, Stephen,519390,2016,490,532,123,77,30,2,14,83,35,15.6,6.6,.251,.406,4,54,
Galvis, Freddy,520471,2016,584,624,141,92,26,3,20,136,25,21.8,4.0,.241,.399,3,61,
Perez, Salvador,521692,2016,514,546,127,75,28,2,22,119,22,21.8,4.0,.247,.438,8,57,
Forsythe, Logan,523253,2016,511,567,135,87,24,4,20,127,46,22.4,8.1,.264,.444,8,76,
Inciarte, Ender,542255,2016,522,578,152,118,24,7,3,68,45,11.8,7.8,.291,.381,4,85,
Ozuna, Marcell,542303,2016,557,608,148,96,23,6,23,115,43,18.9,7.1,.266,.452,4,75,
Villar, Jonathan,542340,2016,589,679,168,108,38,3,19,174,79,25.6,11.6,.285,.457,2,92,
Crawford, Brandon,543063,2016,553,623,152,101,28,11,12,115,57,18.5,9.1,.275,.430,4,67,
Harrison, Josh,543281,2016,487,522,138,102,25,7,4,76,18,14.6,3.4,.283,.388,5,57,
Hosmer, Eric,543333,2016,605,667,161,111,24,1,25,132,57,19.8,8.5,.266,.433,1,80,
Kipnis, Jason,543401,2016,610,688,168,100,41,4,23,146,60,21.2,8.7,.275,.469,6,91,
Miller, Brad,543543,2016,548,601,133,68,29,6,30,149,47,24.8,7.8,.243,.482,3,73,
Rendon, Anthony,543685,2016,567,647,153,93,38,2,20,117,65,18.1,10.0,.270,.450,7,91,
Semien, Marcus,543760,2016,568,621,135,79,27,2,27,139,51,22.4,8.2,.238,.435,0,72,
Shaw, Travis,543768,2016,480,530,116,64,34,2,16,133,43,25.1,8.1,.242,.421,3,63,
Springer III, George,543807,2016,644,744,168,105,29,5,29,178,88,23.9,11.8,.261,.457,11,116,
Gregorius, Didi,544369,2016,562,597,155,101,32,2,20,82,19,13.7,3.2,.276,.447,6,68,
Trout, Mike,545361,2016,549,681,173,107,32,5,29,137,116,20.1,17.0,.315,.550,11,123,
Herrera, Odubel,546318,2016,583,656,167,125,21,6,15,134,63,20.4,9.6,.286,.420,6,87,
Harper, Bryce,547180,2016,506,627,123,73,24,2,24,117,108,18.7,17.2,.243,.441,3,84,
Martin, Leonys,547982,2016,518,576,128,93,17,3,15,149,44,25.9,7.6,.247,.378,3,72,
Abreu, Jose,547989,2016,624,695,183,125,32,1,25,125,47,18.0,6.8,.293,.468,15,67,
Suarez, Eugenio,553993,2016,565,627,140,92,25,2,21,155,51,24.7,8.1,.248,.411,8,78,
Polanco, Gregory,570256,2016,527,587,136,76,34,4,22,119,53,20.3,9.0,.258,.463,0,79,
Schoop, Jonathan,570731,2016,615,647,164,100,38,1,25,137,21,21.2,3.2,.267,.454,8,82,
Arenado, Nolan,571448,2016,618,696,182,100,35,6,41,103,68,14.8,9.8,.294,.570,2,116,
Gennett, Scooter,571697,2016,498,542,131,86,30,1,14,114,38,21.0,7.0,.263,.412,2,58,
Lamb, Jake,571875,2016,523,594,130,61,31,9,29,154,64,25.9,10.8,.249,.509,3,81,
Myers, Wil,571976,2016,599,676,155,94,29,4,28,160,68,23.7,10.1,.259,.461,4,99,
Piscotty, Stephen,572039,2016,582,649,159,99,35,3,22,133,51,20.5,7.9,.273,.457,12,86,
Seager, Kyle,572122,2016,597,676,166,97,36,3,30,108,69,16.0,10.2,.278,.499,8,89,
Carpenter, Matt,572761,2016,473,566,128,65,36,6,21,108,81,19.1,14.3,.271,.505,5,81,
Dickerson, Corey,572816,2016,510,548,125,62,36,3,24,134,33,24.5,6.0,.245,.469,2,57,
Dozier, Brian,572821,2016,615,691,165,83,35,5,42,138,61,20.0,8.8,.268,.546,8,104,
Iglesias, Jose,578428,2016,467,513,119,89,26,0,4,50,28,9.7,5.5,.255,.336,8,57,
Hechavarria, Adeiny,588751,2016,508,547,120,94,17,6,3,73,33,13.3,6.0,.236,.311,1,52,
Bryant, Kris,592178,2016,603,699,176,99,35,3,39,154,75,22.0,10.7,.292,.554,18,121,
Machado, Manny,592518,2016,640,696,188,110,40,1,37,120,48,17.2,6.9,.294,.533,3,105,
Realmuto, J.T.,592663,2016,509,545,154,112,31,0,11,100,28,18.3,5.1,.303,.428,5,60,
Yelich, Christian,592885,2016,578,659,172,110,38,3,21,138,72,20.9,10.9,.298,.483,4,78,
Bogaerts, Xander,593428,2016,652,719,192,136,34,1,21,123,58,17.1,8.1,.294,.446,6,115,
Calhoun, Kole,594777,2016,594,672,161,103,35,5,18,118,67,17.6,10.0,.271,.438,6,91,
Duvall, Adam,594807,2016,552,608,133,63,31,6,33,164,41,27.0,6.7,.241,.498,6,85,
Eaton, Adam,594809,2016,619,706,176,124,29,9,14,115,63,16.3,8.9,.284,.428,14,91,
Lindor, Francisco,596019,2016,604,684,182,134,30,3,15,88,57,12.9,8.3,.301,.435,5,99,
Odor, Rougned,596059,2016,605,632,164,94,33,4,33,135,19,21.4,3.0,.271,.502,4,89,
Cuthbert, Cheslor,596144,2016,475,510,130,89,28,1,12,96,32,18.8,6.3,.274,.413,0,49,
Franco, Maikel,596748,2016,581,630,148,99,23,1,25,106,40,16.8,6.3,.255,.427,5,67,
Bradley Jr., Jackie,598265,2016,558,636,149,86,30,7,26,143,63,22.5,9.9,.267,.486,10,94,
Betts, Mookie,605141,2016,672,730,214,136,42,5,31,80,49,11.0,6.7,.318,.534,2,122,
Panik, Joe,605412,2016,464,526,111,73,21,7,10,47,50,8.9,9.5,.239,.379,4,67,
Pillar, Kevin,607680,2016,548,584,146,102,35,2,7,90,24,15.4,4.1,.266,.376,6,59,
Ramirez, Jose,608070,2016,565,618,176,116,46,3,11,62,44,10.0,7.1,.312,.462,4,84,
Russell, Addison,608365,2016,525,598,125,76,25,3,21,135,55,22.6,9.2,.238,.417,12,67,
Seager, Corey,608369,2016,627,687,193,122,40,5,26,133,54,19.4,7.9,.308,.512,4,105,
Mazara, Nomar,608577,2016,516,568,137,101,13,3,20,112,39,19.7,6.9,.266,.419,6,59,
Garcia, Adonis,611177,2016,532,563,145,102,29,0,14,93,24,16.5,4.3,.273,.406,6,65,
Correa, Carlos,621043,2016,577,660,158,99,36,3,20,139,75,21.1,11.4,.274,.451,5,76,
Tomas, Yasmany,630111,2016,530,563,144,82,30,1,31,136,31,24.2,5.5,.272,.508,1,72,
Beltran, Carlos,136860,2017,467,509,108,65,29,0,14,102,33,20.0,6.5,.231,.383,3,60,
Pujols, Albert,405395,2017,593,636,143,103,17,0,23,93,37,14.6,5.8,.241,.386,2,53,
Mauer, Joe,408045,2017,525,597,160,116,36,1,7,83,66,13.9,11.1,.305,.417,3,69,
Cabrera, Miguel,408234,2017,469,529,117,79,22,0,16,110,54,20.8,10.2,.249,.399,3,50,
Phillips, Brandon,408252,2017,572,604,163,115,34,1,13,73,21,12.1,3.5,.285,.416,8,81,
Reyes, Jose,408314,2017,501,561,123,76,25,7,15,79,50,14.1,8.9,.246,.413,2,75,
Choo, Shin-Soo,425783,2017,544,636,142,99,20,1,22,134,77,21.1,12.1,.261,.423,7,96,
Molina, Yadier,425877,2017,501,543,137,91,27,1,18,74,28,13.6,5.2,.273,.439,4,60,
Cano, Robinson,429664,2017,592,648,166,110,33,0,23,85,49,13.1,7.6,.280,.453,4,79,
Encarnacion, Edwin,429665,2017,554,669,143,84,20,1,38,133,104,19.9,15.5,.258,.504,5,96,
Bautista, Jose,430832,2017,587,686,119,69,27,0,23,170,84,24.8,12.2,.203,.366,8,92,
Jones, Adam,430945,2017,597,635,170,115,28,1,26,113,27,17.8,4.3,.285,.466,7,82,
Granderson, Curtis,434158,2017,449,527,95,42,24,3,26,123,71,23.3,13.5,.212,.452,4,74,
Ramirez, Hanley,434670,2017,496,553,120,73,24,0,23,116,51,21.0,9.2,.242,.429,6,58,
Morales, Kendrys,434778,2017,557,608,139,86,25,0,28,132,43,21.7,7.1,.250,.445,5,67,
Kinsler, Ian,435079,2017,551,613,130,80,25,3,22,86,55,14.0,9.0,.236,.412,7,90,
Cruz Jr., Nelson,443558,2017,556,645,160,93,28,0,39,140,70,21.7,10.9,.288,.549,12,91,
Trumbo, Mark,444432,2017,559,603,131,86,22,0,23,149,42,24.7,7.0,.234,.397,1,79,
Peralta, David,444482,2017,525,577,154,106,31,3,14,94,43,16.3,7.5,.293,.444,6,82,
Escobar, Alcides,444876,2017,599,629,150,103,36,5,6,102,15,16.2,2.4,.250,.357,4,71,
Longoria, Evan,446334,2017,613,677,160,102,36,2,20,109,46,16.1,6.8,.261,.424,6,71,
Cozart, Zack,446359,2017,438,507,130,75,24,7,24,78,62,15.4,12.2,.297,.548,3,80,
Reynolds, Mark,448602,2017,520,593,139,86,22,1,30,175,69,29.5,11.6,.267,.487,1,82,
Davis, Chris,448801,2017,456,524,98,56,15,1,26,195,61,37.2,11.6,.215,.423,3,65,
Headley, Chase,452104,2017,512,586,140,97,30,1,12,132,60,22.5,10.2,.273,.406,6,77,
Pence, Hunter,452254,2017,493,539,128,97,13,5,13,102,40,18.9,7.4,.260,.385,2,55,
Span, Denard,452655,2017,497,542,135,87,31,5,12,69,40,12.7,7.4,.272,.427,3,73,
Cabrera, Asdrubal,452678,2017,479,540,134,88,32,0,14,83,50,15.4,9.3,.280,.434,5,66,
Blackmon, Charlie,453568,2017,644,725,213,127,35,14,37,135,65,18.6,9.0,.331,.601,10,137,
Frazier, Todd,453943,2017,474,576,101,54,19,1,27,125,83,21.7,14.4,.213,.428,14,74,
Markakis, Nick,455976,2017,593,670,163,115,39,1,8,110,68,16.4,10.1,.275,.384,6,76,
Cain, Lorenzo,456715,2017,584,645,175,128,27,5,15,100,54,15.5,8.4,.300,.440,5,86,
McCutchen, Andrew,457705,2017,570,650,159,99,30,2,28,116,73,17.8,11.2,.279,.486,4,94,
Upton, Justin,457708,2017,557,635,152,73,44,0,35,180,74,28.3,11.7,.273,.540,3,100,
Turner, Justin,457759,2017,457,543,147,94,32,0,21,56,59,10.3,10.9,.322,.530,19,72,
Posey III, Buster,457763,2017,494,568,158,112,34,0,12,66,61,11.6,10.7,.320,.462,8,62,
Bruce, Jay,457803,2017,555,617,141,74,29,2,36,139,57,22.5,9.2,.254,.508,2,82,
Votto, Joey,458015,2017,559,707,179,108,34,1,36,83,134,11.7,19.0,.320,.578,8,106,
Gardner, Brett,458731,2017,594,682,157,106,26,4,21,122,72,17.9,10.6,.264,.428,8,96,
Joyce, Matt,459964,2017,469,544,114,56,33,0,25,113,66,20.8,12.1,.243,.473,2,78,
Gordon, Alex,460086,2017,476,541,99,68,20,2,9,126,45,23.3,8.3,.208,.315,14,52,
Andrus, Elvis,462101,2017,643,689,191,123,44,4,20,101,38,14.7,5.5,.297,.471,3,100,
Cabrera, Melky,466320,2017,620,666,177,128,30,2,17,74,36,11.1,5.4,.285,.423,2,78,
Santana, Carlos,467793,2017,571,667,148,85,37,3,23,94,88,14.1,13.2,.259,.455,6,90,
Gonzalez, Carlos,471865,2017,470,534,123,75,34,0,14,119,56,22.3,10.5,.262,.423,2,72,
Mercer, Jordy,474568,2017,502,558,128,85,24,5,14,88,51,15.8,9.1,.255,.406,3,52,
Alonso, Yonder,475174,2017,451,521,120,70,22,0,28,118,68,22.6,13.1,.266,.501,2,72,
Smoak, Justin,475253,2017,560,637,151,83,29,1,38,128,73,20.1,11.5,.270,.529,2,85,
Zimmerman, Ryan,475582,2017,524,576,159,90,33,0,36,126,44,21.9,7.6,.303,.573,3,90,
Lowrie, Jed,476704,2017,567,645,157,91,49,3,14,100,73,15.5,11.3,.277,.448,2,86,
Morrison, Logan,489149,2017,512,601,126,65,22,1,38,149,81,24.8,13.5,.246,.516,5,75,
Gurriel, Yuli,493329,2017,529,564,158,96,43,1,18,62,22,11.0,3.9,.299,.486,7,69,
Solarte, Yangervis,500208,2017,466,512,119,80,21,0,18,61,37,11.9,7.2,.255,.416,5,49,
Freese, David,501896,2017,426,503,112,86,16,0,10,116,58,23.1,11.5,.263,.371,15,44,
Davis, Khris,501981,2017,566,652,140,68,28,1,43,195,73,29.9,11.2,.247,.528,6,91,
Pham, Tommy,502054,2017,444,530,136,89,22,2,23,117,71,22.1,13.4,.306,.520,10,95,
Reddick, Josh,502210,2017,477,540,150,99,34,4,13,72,43,13.3,8.0,.314,.484,0,77,
Murphy, Daniel,502517,2017,534,593,172,103,43,3,23,77,52,13.0,8.8,.322,.543,4,94,
Goldschmidt, Paul,502671,2017,558,665,166,93,34,3,36,147,94,22.1,14.1,.297,.563,8,117,
Gonzalez, Marwin,503556,2017,455,515,138,81,34,0,23,99,49,19.2,9.5,.303,.530,6,67,
Altuve, Jose,514888,2017,590,662,204,137,39,4,24,84,58,12.7,8.8,.346,.547,9,112,
Hernandez, Cesar,514917,2017,511,577,150,109,26,6,9,104,61,18.0,10.6,.294,.421,4,85,
Segura, Jean,516416,2017,524,566,157,114,30,2,11,83,34,14.7,6.0,.300,.427,6,80,
Freeman, Freddie,518692,2017,440,514,135,70,35,2,28,95,65,18.5,12.6,.307,.586,7,84,
LeMahieu, DJ,518934,2017,609,682,189,149,28,4,8,90,59,13.2,8.7,.310,.409,6,95,
Moreland, Mitch,519048,2017,508,576,125,69,34,0,22,120,57,20.8,9.9,.246,.443,6,73,
Moustakas, Mike,519058,2017,555,598,151,89,24,0,38,94,34,15.7,5.7,.272,.521,3,75,
Rizzo, Anthony,519203,2017,572,691,156,89,32,3,32,90,91,13.0,13.2,.273,.507,24,99,
Souza Jr., Steven,519306,2017,523,617,125,72,21,2,30,179,84,29.0,13.6,.239,.459,7,78,
Stanton, Giancarlo,519317,2017,597,692,168,77,32,0,59,163,85,23.6,12.3,.281,.631,7,123,
Thames, Eric,519346,2017,469,551,116,55,26,4,31,163,75,29.6,13.6,.247,.518,7,83,
Galvis, Freddy,520471,2017,608,663,155,108,29,6,12,111,45,16.7,6.8,.255,.382,4,71,
Garcia, Avisail,541645,2017,518,561,171,121,27,5,18,111,33,19.8,5.9,.330,.506,9,75,
Inciarte, Ender,542255,2017,662,718,201,158,27,5,11,94,49,13.1,6.8,.304,.409,0,93,
Ozuna, Marcell,542303,2017,613,679,191,122,30,2,37,144,64,21.2,9.4,.312,.548,0,93,
Beckham, Tim,542921,2017,533,575,148,103,18,5,22,167,36,29.0,6.3,.278,.454,4,67,
Crawford, Brandon,543063,2017,518,570,131,82,34,1,14,113,42,19.8,7.4,.253,.403,1,58,
Harrison, Josh,543281,2017,486,542,132,88,26,2,16,90,28,16.6,5.2,.272,.432,23,66,
Hosmer, Eric,543333,2017,603,671,192,135,31,1,25,104,66,15.5,9.8,.318,.498,0,98,
Rendon, Anthony,543685,2017,508,605,153,86,41,1,25,82,84,13.6,13.9,.301,.533,7,81,
Shaw, Travis,543768,2017,538,606,147,81,34,1,31,138,60,22.8,9.9,.273,.513,4,84,
Springer III, George,543807,2017,548,629,155,92,29,0,34,111,64,17.6,10.2,.283,.522,11,112,
Strange-Gordon, Dee,543829,2017,653,695,201,170,20,9,2,93,25,13.4,3.6,.308,.375,10,114,
Gregorius, Didi,544369,2017,534,570,153,101,27,0,25,70,25,12.3,4.4,.287,.478,3,73,
Trout, Mike,545361,2017,402,507,123,62,25,3,33,90,94,17.8,18.5,.306,.629,7,92,
Herrera, Odubel,546318,2017,526,563,148,89,42,3,14,126,31,22.4,5.5,.281,.452,4,67,
Abreu, Jose,547989,2017,621,675,189,107,43,6,33,119,35,17.6,5.2,.304,.552,15,95,
Suarez, Eugenio,553993,2017,534,632,139,86,25,2,26,147,84,23.3,13.3,.260,.461,9,87,
Santana, Domingo,570267,2017,525,607,146,87,29,0,30,178,73,29.3,12.0,.278,.505,6,88,
Sanchez, Yolmer,570560,2017,484,534,129,90,19,8,12,111,35,20.8,6.6,.267,.413,4,63,
Schoop, Jonathan,570731,2017,622,675,182,115,35,0,32,142,35,21.0,5.2,.293,.503,11,92,
Arenado, Nolan,571448,2017,606,680,187,100,43,7,37,106,62,15.6,9.1,.309,.586,4,100,
Hamilton, Billy,571740,2017,582,633,144,112,17,11,4,133,44,21.0,7.0,.247,.335,0,85,
Joseph, Tommy,571830,2017,495,533,119,69,27,1,22,129,33,24.2,6.2,.240,.432,2,51,
Lamb, Jake,571875,2017,536,635,133,69,30,4,30,152,87,23.9,13.7,.248,.487,7,89,
Myers, Wil,571976,2017,567,649,138,76,29,3,30,180,70,27.7,10.8,.243,.464,5,80,
Seager, Kyle,572122,2017,578,650,144,83,33,1,27,110,58,16.9,8.9,.249,.450,8,72,
Carpenter, Matt,572761,2017,497,622,120,64,31,2,23,125,109,20.1,17.5,.241,.451,9,91,
Dickerson, Corey,572816,2017,588,629,166,102,33,4,27,152,35,24.2,5.6,.282,.490,3,84,
Dozier, Brian,572821,2017,617,705,167,99,30,4,34,141,78,20.0,11.1,.271,.498,8,106,
Bryant, Kris,592178,2017,549,665,162,91,38,4,29,128,95,19.2,14.3,.295,.537,15,111,
Castellanos, Nick,592206,2017,614,665,167,95,36,10,26,142,41,21.4,6.2,.272,.490,5,73,
Gamel, Ben,592325,2017,509,550,140,97,27,5,11,122,36,22.2,6.5,.275,.413,1,68,
Healy, Ryon,592387,2017,576,605,156,102,29,0,25,142,23,23.5,3.8,.271,.451,4,66,
Judge, Aaron,592450,2017,542,678,154,75,24,3,52,208,127,30.7,18.7,.284,.627,5,128,
Machado, Manny,592518,2017,630,690,163,96,33,1,33,115,50,16.7,7.2,.259,.471,1,81,
Realmuto, J.T.,592663,2017,532,579,148,95,31,5,17,106,36,18.3,6.2,.278,.451,8,68,
Rosario, Eddie,592696,2017,542,589,157,95,33,2,27,106,35,18.0,5.9,.290,.507,0,79,
Simmons, Andrelton,592743,2017,589,647,164,110,38,2,14,67,47,10.4,7.3,.278,.421,3,77,
Yelich, Christian,592885,2017,602,695,170,114,36,2,18,137,80,19.7,11.5,.282,.439,6,100,
Merrifield, Whit,593160,2017,587,630,169,112,32,6,19,88,29,14.0,4.6,.288,.460,6,80,
Bogaerts, Xander,593428,2017,571,635,156,108,32,6,10,116,56,18.3,8.8,.273,.403,6,94,
Polanco, Jorge,593871,2017,488,544,125,79,30,3,13,78,41,14.3,7.5,.256,.410,2,60,
Calhoun, Kole,594777,2017,569,654,139,95,23,2,19,134,71,20.5,10.9,.244,.392,8,77,
Duvall, Adam,594807,2017,587,647,146,75,37,3,31,170,39,26.3,6.0,.249,.480,10,78,
Schebler, Scott,594988,2017,473,531,110,53,25,2,30,125,39,23.5,7.3,.233,.484,14,63,
Baez, Javier,595879,2017,469,508,128,79,24,2,23,144,30,28.3,5.9,.273,.480,1,75,
Lindor, Francisco,596019,2017,651,723,178,97,44,4,33,93,60,12.9,8.3,.273,.505,4,99,
Odor, Rougned,596059,2017,607,651,124,70,21,3,30,162,32,24.9,4.9,.204,.397,8,79,
Story, Trevor,596115,2017,503,555,120,61,32,3,24,191,49,34.4,8.8,.239,.457,2,68,
Sanchez, Gary,596142,2017,471,525,131,78,20,0,33,120,40,22.9,7.6,.278,.531,10,79,
Kepler, Max,596146,2017,511,568,124,71,32,2,19,114,47,20.1,8.3,.243,.425,6,67,
Franco, Maikel,596748,2017,575,623,132,78,29,1,24,95,41,15.2,6.6,.230,.409,2,66,
Bradley Jr., Jackie,598265,2017,482,541,118,79,19,3,17,124,48,22.9,8.9,.245,.402,9,58,
Bell, Josh,605137,2017,549,620,140,82,26,6,26,117,66,18.9,10.6,.255,.466,1,75,
Betts, Mookie,605141,2017,628,712,166,94,46,2,24,79,77,11.1,10.8,.264,.459,2,101,
Panik, Joe,605412,2017,511,573,147,104,28,5,10,54,46,9.4,8.0,.288,.421,5,60,
Arcia, Orlando,606115,2017,506,548,140,106,17,2,15,100,36,18.2,6.6,.277,.407,1,56,
Peraza, Jose,606299,2017,487,518,126,108,9,4,5,70,20,13.5,3.9,.259,.324,7,50,
Pillar, Kevin,607680,2017,587,632,150,96,37,1,16,95,33,15.0,5.2,.256,.404,6,72,
Ramirez, Jose,608070,2017,585,645,186,95,56,6,29,69,52,10.7,8.1,.318,.583,3,107,
Bregman, Alex,608324,2017,556,626,158,95,39,5,19,97,55,15.5,8.8,.284,.475,7,88,
Gallo, Joey,608336,2017,449,532,94,32,18,3,41,196,75,36.8,14.1,.209,.537,8,85,
Seager, Corey,608369,2017,539,613,159,104,33,0,22,131,67,21.4,10.9,.295,.479,4,85,
Mazara, Nomar,608577,2017,554,616,140,88,30,2,20,127,55,20.6,8.9,.253,.422,4,64,
Swanson, Dansby,621020,2017,488,551,113,82,23,2,6,120,59,21.8,10.7,.232,.324,0,59,
Taylor, Chris,621035,2017,514,568,148,88,34,5,21,142,50,25.0,8.8,.288,.496,3,85,
Buxton, Byron,621439,2017,462,511,117,81,14,6,16,150,38,29.4,7.4,.253,.413,4,69,
Margot, Manuel,622534,2017,487,529,128,90,18,7,13,106,35,20.0,6.6,.263,.409,2,53,
Puig, Yasiel,624577,2017,499,570,131,77,24,2,28,100,64,17.5,11.2,.263,.487,2,72,
Anderson, Tim,641313,2017,587,606,151,104,26,4,17,162,13,26.7,2.1,.257,.402,3,72,
Bellinger, Cody,641355,2017,480,548,128,59,26,4,39,146,64,26.6,11.7,.267,.581,1,87,
Mancini III, Trey,641820,2017,543,586,159,105,26,4,24,139,33,23.7,5.6,.293,.488,6,65,
Benintendi, Andrew,643217,2017,573,658,155,108,26,1,20,112,70,17.0,10.6,.271,.424,6,84,
Peralta, David,444482,2020,203,218,61,45,10,1,5,45,13,20.6,6.0,.300,.433,0,19,
Santana, Carlos,467793,2020,206,255,41,26,7,0,8,43,47,16.9,18.4,.199,.350,1,34,
Brantley Jr., Michael,488726,2020,170,187,51,31,15,0,5,28,17,15.0,9.1,.300,.476,0,24,
Escobar, Eduardo,500871,2020,203,222,43,29,7,3,4,41,15,18.5,6.8,.212,.335,2,22,
Gonzalez, Marwin,503556,2020,175,199,37,28,4,0,5,41,17,20.6,8.5,.211,.320,3,15,
Hernandez, Cesar,514917,2020,233,261,66,43,20,0,3,57,24,21.8,9.2,.283,.408,2,35,
Freeman, Freddie,518692,2020,214,262,73,36,23,1,13,37,45,14.1,17.2,.341,.640,3,51,
LeMahieu, DJ,518934,2020,195,216,71,49,10,2,10,21,18,9.7,8.3,.364,.590,2,41,
Garcia, Avisail,541645,2020,181,207,43,31,10,0,2,49,20,23.7,9.7,.238,.326,6,20,
Aguilar, Jesus,542583,2020,188,216,52,34,10,0,8,40,23,18.5,10.6,.277,.457,1,31,
Semien, Marcus,543760,2020,211,236,47,30,9,1,7,50,25,21.2,10.6,.223,.374,0,28,
Grichuk, Randal,545341,2020,216,231,59,38,9,0,12,49,13,21.2,5.6,.273,.481,0,38,
Harper, Bryce,547180,2020,190,244,51,27,9,2,13,43,49,17.6,20.1,.268,.542,2,41,
Suarez, Eugenio,553993,2020,198,231,40,17,8,0,15,67,30,29.0,13.0,.202,.470,2,29,
Muncy, Max,571970,2020,203,248,39,23,4,0,12,60,39,24.2,15.7,.192,.389,4,36,
Myers, Wil,571976,2020,198,218,57,26,14,2,15,56,18,25.7,8.3,.288,.606,2,34,
Pollock, AJ,572041,2020,196,210,54,29,9,0,16,45,12,21.4,5.7,.276,.566,0,30,
Seager, Kyle,572122,2020,203,248,49,28,12,0,9,33,32,13.3,12.9,.241,.433,7,35,
Dickerson, Corey,572816,2020,194,210,50,37,5,1,7,35,15,16.7,7.1,.258,.402,0,25,
Yastrzemski, Mike,573262,2020,192,225,57,29,14,4,10,55,30,24.4,13.3,.297,.568,3,39,
Moran, Colin,592567,2020,178,200,44,24,10,0,10,52,19,26.0,9.5,.247,.472,2,28,
Realmuto, J.T.,592663,2020,173,195,46,29,6,0,11,48,16,24.6,8.2,.266,.491,6,33,
Merrifield, Whit,593160,2020,248,265,70,49,12,0,9,33,12,12.5,4.5,.282,.440,4,38,
Bogaerts, Xander,593428,2020,203,225,61,42,8,0,11,41,21,18.2,9.3,.300,.502,0,36,
Polanco, Jorge,593871,2020,209,226,54,42,8,0,4,35,13,15.5,5.8,.258,.354,1,22,
Duvall, Adam,594807,2020,190,209,45,21,8,0,16,54,15,25.8,7.2,.237,.532,3,34,
Baez, Javier,595879,2020,222,235,45,27,9,1,8,75,7,31.9,3.0,.203,.360,4,27,
Story, Trevor,596115,2020,235,259,68,40,13,4,11,63,24,24.3,9.3,.289,.519,0,41,
La Stella, Tommy,600303,2020,196,228,55,34,14,2,5,12,27,5.3,11.8,.281,.449,2,31,
Nunez, Renato,600524,2020,195,216,50,28,10,0,12,64,17,29.6,7.9,.256,.492,3,29,
Anderson, Brian,605119,2020,200,229,51,32,7,1,11,66,22,28.8,9.6,.255,.465,6,27,
Davis, J.D.,605204,2020,190,229,47,32,9,0,6,56,31,24.5,13.5,.247,.389,7,26,
Nimmo, Brandon,607043,2020,186,225,52,33,8,3,8,43,33,19.1,14.7,.280,.484,6,33,
Reyes, Franmil,614177,2020,211,241,58,39,10,0,9,69,24,28.6,10.0,.275,.450,1,27,
Taylor, Chris,621035,2020,185,214,50,30,10,2,8,55,26,25.7,12.1,.270,.476,2,30,
Alonso, Pete,624413,2020,208,239,48,26,6,0,16,61,24,25.5,10.0,.231,.490,6,31,
Conforto, Michael,624424,2020,202,233,65,44,12,0,9,57,24,24.5,10.3,.322,.515,7,40,
Frazier, Adam,624428,2020,209,230,48,34,7,0,7,35,17,15.2,7.4,.230,.364,3,22,
Crawford, J.P.,641487,2020,204,232,52,41,7,2,2,39,23,16.8,9.9,.255,.338,3,33,
McNeil, Jeff,643446,2020,183,209,57,39,14,0,4,24,20,11.5,9.6,.311,.454,3,19,
Schwarber, Kyle,656941,2020,191,224,36,19,6,0,11,66,30,29.5,13.4,.188,.393,3,30,
Acuna Jr., Ronald,660670,2020,160,202,40,15,11,0,14,60,38,29.7,18.8,.250,.581,4,46,
Fletcher, David,664058,2020,207,230,66,50,13,0,3,25,20,10.9,8.7,.319,.425,0,31,
Gurriel Jr., Lourdes,666971,2020,208,224,64,39,14,0,11,48,14,21.4,6.3,.308,.534,0,28,
Hiura, Keston,669374,2020,217,246,46,29,4,0,13,85,16,34.6,6.5,.212,.410,11,30,
Lopez, Nicky,670032,2020,169,192,34,25,8,0,1,41,18,21.4,9.4,.201,.266,2,15,
Robert, Luis,673357,2020,202,227,47,28,8,0,11,73,20,32.2,8.8,.233,.436,1,33,
Cabrera, Asdrubal,452678,2020,190,213,46,26,9,3,8,40,19,18.8,8.9,.242,.447,0,23,
Votto, Joey,458015,2020,186,223,42,23,8,0,11,43,37,19.3,16.6,.226,.446,0,32,
Gurriel, Yuli,493329,2020,211,230,49,30,12,1,6,27,12,11.7,5.2,.232,.384,2,27,
Segura, Jean,516416,2020,192,217,51,37,5,2,7,45,23,20.7,10.6,.266,.422,1,28,
Grandal, Yasmani,518735,2020,161,194,37,22,7,0,8,58,30,29.9,15.5,.230,.422,1,27,
Villar, Jonathan,542340,2020,185,207,43,36,5,0,2,54,19,26.1,9.2,.232,.292,0,13,
Vazquez, Christian,543877,2020,173,189,49,33,9,0,7,43,16,22.8,8.5,.283,.457,0,22,
Wong, Kolten,543939,2020,181,208,48,41,4,2,1,30,20,14.4,9.6,.265,.326,4,26,
Castellanos, Nick,592206,2020,218,242,49,22,11,2,14,69,19,28.5,7.9,.225,.486,4,37,
Rosario, Eddie,592696,2020,210,231,54,34,7,0,13,34,19,14.7,8.2,.257,.476,0,31,
Yelich, Christian,592885,2020,200,247,41,21,7,1,12,76,46,30.8,18.6,.205,.430,1,39,
Sano, Miguel,593934,2020,186,205,38,13,12,0,13,90,18,43.9,8.8,.204,.478,1,31,
Calhoun, Kole,594777,2020,190,228,43,18,9,0,16,50,28,21.9,12.3,.226,.526,6,35,
Lindor, Francisco,596019,2020,236,266,61,40,13,0,8,41,24,15.4,9.0,.258,.415,4,30,
Ahmed, Nick,605113,2020,199,217,53,37,10,1,5,46,18,21.2,8.3,.266,.402,0,29,
Bell, Josh,605137,2020,195,223,44,33,3,0,8,59,22,26.5,9.9,.226,.364,2,22,
Arcia, Orlando,606115,2020,173,189,45,29,10,1,5,32,14,16.9,7.4,.260,.416,1,22,
Hernandez, Teoscar,606192,2020,190,207,55,32,7,0,16,63,14,30.4,6.8,.289,.579,1,33,
Marte, Ketel,606466,2020,181,195,52,35,14,1,2,21,7,10.8,3.6,.287,.409,4,19,
Gallo, Joey,608336,2020,193,226,35,17,8,0,10,79,29,35.0,12.8,.181,.378,4,23,
Anderson, Tim,641313,2020,208,221,67,45,11,1,10,50,10,22.6,4.5,.322,.529,2,45,
Dozier, Hunter,641531,2020,158,186,36,24,4,2,6,48,27,25.8,14.5,.228,.392,1,29,
Lewis, Kyle,641786,2020,206,242,54,40,3,0,11,71,34,29.3,14.0,.262,.437,0,37,
McMahon, Ryan,641857,2020,172,193,37,21,6,1,9,66,18,34.2,9.3,.215,.419,2,23,
Smith, Dominic,642086,2020,177,199,56,24,21,1,10,45,14,22.6,7.0,.316,.616,5,27,
Adames, Willy,642715,2020,185,205,48,24,15,1,8,74,20,36.1,9.8,.259,.481,0,29,
Kiner-Falefa, Isiah,643396,2020,211,228,59,49,4,3,3,32,14,14.0,6.1,.280,.370,2,28,
Devers, Rafael,646240,2020,232,248,61,33,16,1,11,67,13,27.0,5.2,.263,.483,3,32,
Verdugo, Alex,657077,2020,201,221,62,40,16,0,6,45,17,20.4,7.7,.308,.478,2,36,
Moncada, Yoan,660162,2020,200,231,45,28,8,3,6,72,28,31.2,12.1,.225,.385,1,28,
Grisham, Trent,663757,2020,215,252,54,33,8,3,10,64,31,25.4,12.3,.251,.456,3,42,
Soto, Juan,665742,2020,154,196,54,27,14,0,13,28,41,14.3,20.9,.351,.695,1,39,
Cruz Jr., Nelson,443558,2020,185,214,56,34,6,0,16,58,25,27.1,11.7,.303,.595,4,33,
Blackmon, Charlie,453568,2020,221,247,67,48,12,1,6,44,19,17.8,7.7,.303,.448,2,31,
Solano, Donovan,456781,2020,190,203,62,43,15,1,3,39,10,19.2,4.9,.326,.463,2,22,
McCutchen, Andrew,457705,2020,217,241,55,36,9,0,10,48,22,19.9,9.1,.253,.433,1,32,
Marte, Starling,516782,2020,228,250,64,43,14,1,6,41,12,16.4,4.8,.281,.430,9,36,
Rizzo, Anthony,519203,2020,203,243,45,28,6,0,11,38,28,15.6,11.5,.222,.414,10,26,
Hicks, Aaron,543305,2020,169,211,38,20,10,2,6,38,41,18.0,19.4,.225,.414,1,28,
Rendon, Anthony,543685,2020,189,232,54,33,11,1,9,31,38,13.4,16.4,.286,.497,5,29,
Ruiz, Rio,547004,2020,185,204,41,21,11,0,9,46,17,22.5,8.3,.222,.427,0,25,
Arenado, Nolan,571448,2020,182,201,46,29,9,0,8,20,15,10.0,7.5,.253,.434,0,23,
Walker, Christian,572233,2020,218,243,59,33,18,1,7,50,19,20.6,7.8,.271,.459,3,35,
Canha, Mark,592192,2020,191,243,47,28,12,2,5,54,37,22.2,15.2,.246,.408,10,32,
Alberto, Hanser,593643,2020,219,231,62,44,15,0,3,30,5,13.0,2.2,.283,.393,3,35,
Franco, Maikel,596748,2020,223,243,62,38,16,0,8,38,16,15.6,6.6,.278,.457,0,23,
Bradley Jr., Jackie,598265,2020,191,217,54,36,11,0,7,48,23,22.1,10.6,.283,.450,2,32,
Turner, Trea,607208,2020,233,259,78,47,15,4,12,36,22,13.9,8.5,.335,.588,2,46,
Ramirez, Jose,608070,2020,219,254,64,30,16,1,17,43,31,16.9,12.2,.292,.607,3,45,
Seager, Corey,608369,2020,212,232,65,37,12,1,15,37,17,15.9,7.3,.307,.585,1,38,
Swanson, Dansby,621020,2020,237,264,65,40,15,0,10,71,22,26.9,8.3,.274,.464,4,49,
Cronenworth, Jake,630105,2020,172,192,49,27,15,3,4,30,18,15.6,9.4,.285,.477,1,26,
Robles, Victor,645302,2020,168,189,37,28,5,1,3,53,9,28.0,4.8,.220,.315,9,20,
Jimenez, Eloy,650391,2020,213,226,63,35,14,0,14,56,12,24.8,5.3,.296,.559,0,26,
White, Evan,657108,2020,182,202,32,17,7,0,8,84,18,41.6,8.9,.176,.346,1,19,
Laureano, Ramon,657656,2020,183,222,39,24,8,1,6,58,24,26.1,10.8,.213,.366,12,27,
Riley, Austin,663586,2020,188,206,45,29,7,1,8,49,16,23.8,7.8,.239,.415,1,24,
Lowe, Brandon,664040,2020,193,224,52,27,9,2,14,58,25,25.9,11.2,.269,.554,4,36,
Reynolds, Bryan,668804,2020,185,208,35,20,6,2,7,57,21,27.4,10.1,.189,.357,1,24,
Edman, Tommy,669242,2020,204,227,51,38,7,1,5,48,16,21.1,7.0,.250,.368,5,29,
Solak, Nick,669256,2020,209,233,56,44,10,0,2,42,18,18.0,7.7,.268,.344,2,27,
Cabrera, Miguel,408234,2020,204,231,51,37,4,0,10,51,24,22.1,10.4,.250,.417,1,28,
Longoria, Evan,446334,2020,193,209,49,31,10,1,7,39,11,18.7,5.3,.254,.425,2,26,
Martinez, J.D.,502110,2020,211,237,45,22,16,0,7,59,22,24.9,9.3,.213,.389,2,22,
Reddick, Josh,502210,2020,188,210,46,30,11,1,4,42,20,20.0,9.5,.245,.378,0,22,
Goldschmidt, Paul,502671,2020,191,231,58,39,13,0,6,43,37,18.6,16.0,.304,.466,1,31,
Altuve, Jose,514888,2020,192,210,42,28,9,0,5,39,17,18.6,8.1,.219,.344,1,32,
Flores, Wilmer,527038,2020,198,213,53,29,11,1,12,36,13,16.9,6.1,.268,.515,1,30,
Ozuna, Marcell,542303,2020,228,267,77,45,14,0,18,60,38,22.5,14.2,.338,.636,0,38,
Crawford, Brandon,543063,2020,172,193,44,24,12,0,8,47,15,24.4,7.8,.256,.465,4,26,
Grossman, Robbie,543257,2020,166,192,40,18,12,2,8,38,21,19.8,10.9,.241,.482,5,23,
Springer III, George,543807,2020,189,222,50,28,6,2,14,38,24,17.1,10.8,.265,.540,5,37,
Gregorius, Didi,544369,2020,215,237,61,39,10,2,10,28,15,11.8,6.3,.284,.488,4,34,
Trout, Mike,545361,2020,199,241,56,28,9,2,17,56,35,23.2,14.5,.281,.603,3,41,
Abreu, Jose,547989,2020,240,262,76,42,15,0,19,59,18,22.5,6.9,.317,.617,3,43,
Gonzalez, Erik,570481,2020,181,193,41,24,13,1,3,51,8,26.4,4.1,.227,.359,0,14,
Voit III, Luke,572228,2020,213,234,59,32,5,0,22,54,17,23.1,7.3,.277,.610,3,41,
Contreras, Willson,575929,2020,189,225,46,29,10,0,7,57,20,25.3,8.9,.243,.407,14,37,
Machado, Manny,592518,2020,224,254,68,39,12,1,16,37,26,14.6,10.2,.304,.580,0,44,
Profar, Jurickson,595777,2020,180,202,50,37,6,0,7,28,15,13.9,7.4,.278,.428,4,28,
Kepler, Max,596146,2020,171,196,39,21,9,0,9,36,22,18.4,11.2,.228,.439,2,27,
Candelario, Jeimer,600869,2020,185,206,55,34,11,3,7,49,20,23.8,9.7,.297,.503,1,30,
Betts, Mookie,605141,2020,219,246,64,38,9,1,16,38,24,15.4,9.8,.292,.562,2,47,
Tapia, Raimel,606132,2020,184,206,59,48,8,2,1,38,14,18.4,6.8,.321,.402,2,26,
Pillar, Kevin,607680,2020,208,223,60,39,12,3,6,41,13,18.4,5.8,.288,.462,2,34,
Mondesi, Adalberto,609275,2020,219,233,56,36,11,3,6,70,11,30.0,4.7,.256,.416,1,33,
Correa, Carlos,621043,2020,201,221,53,39,9,0,5,49,16,22.2,7.2,.264,.383,3,22,
Olson, Matt,621566,2020,210,245,41,22,4,1,14,77,34,31.4,13.9,.195,.424,1,28,
Reyes, Victor,622682,2020,202,213,56,43,7,2,4,45,9,21.1,4.2,.277,.391,2,30,
Biggio, Cavan,624415,2020,220,265,55,31,16,0,8,61,41,23.0,15.5,.250,.432,3,41,
Bellinger, Cody,641355,2020,213,243,51,29,10,0,12,42,30,17.3,12.3,.239,.455,0,33,
Tucker, Kyle,663656,2020,209,228,56,29,12,6,9,46,18,20.2,7.9,.268,.512,0,33,
Happ, Ian,664023,2020,198,231,51,27,11,1,12,63,30,27.3,13.0,.258,.505,2,27,
Tatis Jr., Fernando,665487,2020,224,257,62,32,11,2,17,61,27,23.7,10.5,.277,.571,5,50,
Guerrero Jr., Vladimir,665489,2020,221,243,58,34,13,2,9,38,20,15.6,8.2,.262,.462,2,34,