,MLBID,FIRSTNAME,LASTNAME,ACTIVE,Player,Team,Pos,Age,G,AB,R,H,2B,3B,HR,RBI,SB,CS,BB,SO,SH,SF,HBP,AVG,OBP,SLG,OPS,salary
0,547989,Jose,Abreu,Y,Jose Abreu,CWS,1B,34,152,566,86,148,30,2,30,117,1,0,61,143,0,10,22,0.261,0.351,0.481,0.832,"$17,666,666"
1,642715,Willy,Adames,Y,Willy Adames,TB,SS,26,41,132,16,26,6,1,5,15,1,2,10,51,0,0,0,0.197,0.254,0.371,0.625,"$590,000"
2,501303,Ehire,Adrianza,Y,Ehire Adrianza,ATL,SS,32,109,182,32,45,9,2,5,28,0,0,21,42,1,3,2,0.247,0.327,0.401,0.728,"$1,500,000"
3,542583,Jesus,Aguilar,Y,Jesus Aguilar,MIA,1B,31,131,449,49,117,23,0,22,93,0,0,46,93,0,7,3,0.261,0.329,0.459,0.788,"$4,500,000"
4,605113,Nick,Ahmed,Y,Nick Ahmed,ARI,SS,31,129,434,46,96,30,3,5,38,7,2,34,104,2,1,2,0.221,0.28,0.339,0.619,"$8,125,000"
5,673451,Shogo,Akiyama,Y,Shogo Akiyama,CIN,OF,33,88,162,16,33,8,0,0,12,2,3,14,40,1,1,4,0.204,0.282,0.253,0.535,"$7,000,000"
6,593643,Hanser,Alberto,Y,Hanser Alberto,KC,2B,28,103,241,25,65,20,3,2,24,3,1,4,26,4,2,4,0.27,0.291,0.402,0.693,"$1,650,000"
7,645277,Ozzie,Albies,Y,Ozzie Albies,ATL,2B,24,156,629,103,163,40,7,30,106,20,4,47,128,0,7,3,0.259,0.31,0.488,0.798,"$3,000,000"
8,595751,Jorge,Alfaro,Y,Jorge Alfaro,MIA,C,28,92,295,22,72,15,1,4,30,8,1,11,99,0,0,5,0.244,0.283,0.342,0.625,"$2,050,000"
9,546990,Anthony,Alford,Y,Anthony Alford,PIT,OF,27,49,133,14,31,6,1,5,11,5,6,12,58,0,0,3,0.233,0.311,0.406,0.717,"$582,000"
10,624413,Pete,Alonso,Y,Pete Alonso,NYM,1B,26,152,561,81,147,27,3,37,94,3,0,60,127,0,4,12,0.262,0.344,0.519,0.863,"$676,775"
11,514888,Jose,Altuve,Y,Jose Altuve,HOU,2B,31,146,601,117,167,32,1,31,83,5,3,66,91,1,6,4,0.278,0.35,0.489,0.839,"$29,000,000"
12,670541,Yordan,Alvarez,Y,Yordan Alvarez,HOU,DH,24,144,537,92,149,35,1,33,104,1,0,50,145,0,3,8,0.277,0.346,0.531,0.877,"$609,000"
13,605119,Brian,Anderson,Y,Brian Anderson,MIA,3B,28,67,233,24,58,9,0,7,28,5,0,26,65,0,0,5,0.249,0.337,0.378,0.715,"$3,800,000"
14,641313,Tim,Anderson,Y,Tim Anderson,CWS,SS,28,123,527,94,163,29,2,17,61,18,7,22,119,0,1,1,0.309,0.338,0.469,0.807,"$7,250,000"
15,462101,Elvis,Andrus,Y,Elvis Andrus,OAK,SS,33,146,497,60,121,25,2,3,37,12,2,31,81,3,4,6,0.243,0.294,0.32,0.614,"$8,800,000"
16,609280,Miguel,Andujar,Y,Miguel Andujar,NYY,OF,26,45,154,19,39,2,0,6,12,0,1,7,28,0,1,0,0.253,0.284,0.383,0.667,"$639,000"
17,606157,Aristides,Aquino,Y,Aristides Aquino,CIN,OF,27,84,174,25,33,6,1,10,23,2,2,27,75,0,2,1,0.19,0.299,0.408,0.707,"$579,000"
18,606115,Orlando,Arcia,Y,Orlando Arcia,ATL,SS,27,32,70,9,15,3,0,2,13,1,0,7,16,0,1,0,0.214,0.282,0.343,0.625,"$2,000,000"
19,571448,Nolan,Arenado,Y,Nolan Arenado,STL,3B,30,157,593,81,151,34,3,34,105,2,0,50,96,0,7,3,0.255,0.312,0.494,0.806,"$35,025,000"
20,668227,Randy,Arozarena,Y,Randy Arozarena,TB,OF,26,141,529,94,145,32,3,20,69,20,10,56,170,0,5,14,0.274,0.356,0.459,0.815,"$581,200"
21,650333,Luis,Arraez,Y,Luis Arraez,MIN,2B,24,121,428,58,126,17,6,2,42,2,2,43,48,0,6,2,0.294,0.357,0.376,0.733,"$611,000"
22,624414,Christian,Arroyo,Y,Christian Arroyo,BOS,3B,26,57,164,22,43,12,0,6,25,1,0,8,44,1,0,7,0.262,0.324,0.445,0.769,"$581,500"
23,553902,Willians,Astudillo,Y,Willians Astudillo,MIN,C,30,73,208,17,49,8,0,7,21,0,0,3,12,0,1,4,0.236,0.259,0.375,0.634,"$573,500"
24,488671,Alex,Avila,Y,Alex Avila,WAS,C,34,34,89,5,17,9,1,1,9,0,0,19,37,1,0,2,0.191,0.345,0.348,0.693,"$1,500,000"
25,668731,Akil,Baddoo,Y,Akil Baddoo,DET,OF,23,124,413,60,107,20,7,13,55,18,4,45,122,0,3,0,0.259,0.33,0.436,0.766,"$570,500"
26,664056,Harrison,Bader,Y,Harrison Bader,STL,OF,27,103,367,45,98,21,1,16,50,9,4,27,85,0,2,5,0.267,0.324,0.46,0.784,"$2,000,000"
27,595879,Javier,Baez,Y,Javier Baez,NYM,SS,28,47,167,32,50,9,0,9,22,5,2,13,53,0,0,6,0.299,0.371,0.515,0.886,"$11,650,000"
28,605131,Austin,Barnes,Y,Austin Barnes,LAD,C,31,77,200,28,43,8,0,6,23,1,0,20,56,1,0,4,0.215,0.299,0.345,0.644,"$1,650,000"
29,571466,Tucker,Barnhart,Y,Tucker Barnhart,CIN,C,30,116,348,41,86,21,0,7,48,0,0,29,100,0,3,8,0.247,0.317,0.368,0.685,"$4,187,500"
30,641343,Jake,Bauers,Y,Jake Bauers,CLE,1B,26,43,100,7,19,3,0,2,6,0,1,12,27,0,0,0,0.19,0.277,0.28,0.557,"$600,000"
31,607461,Matt,Beaty,Y,Matt Beaty,LAD,1B,28,120,204,35,55,4,1,7,40,2,2,20,44,0,0,10,0.27,0.363,0.402,0.765,"$590,500"
32,641355,Cody,Bellinger,Y,Cody Bellinger,LAD,1B,26,95,315,39,52,9,2,10,36,3,1,31,94,0,3,1,0.165,0.24,0.302,0.542,"$16,100,000"
33,605137,Josh,Bell,Y,Josh Bell,WAS,1B,29,144,498,75,130,24,1,27,88,0,0,65,101,0,3,2,0.261,0.347,0.476,0.823,"$6,350,000"
34,474832,Brandon,Belt,Y,Brandon Belt,SF,1B,33,97,325,65,89,14,2,29,59,3,2,48,103,0,1,7,0.274,0.378,0.597,0.975,"$17,200,000"
35,643217,Andrew,Benintendi,Y,Andrew Benintendi,KC,OF,27,134,493,63,136,27,2,17,73,8,9,36,97,1,6,2,0.276,0.324,0.442,0.766,"$6,600,000"
36,542932,Jon,Berti,Y,Jon Berti,MIA,2B,31,85,233,35,49,10,1,4,19,8,4,32,61,1,2,3,0.21,0.311,0.313,0.624,"$607,500"
37,605141,Mookie,Betts,Y,Mookie Betts,LAD,OF,29,122,466,93,123,29,3,23,58,10,5,68,86,0,5,11,0.264,0.367,0.487,0.854,"$22,500,000"
38,666182,Bo,Bichette,Y,Bo Bichette,TOR,SS,23,159,640,121,191,30,1,29,102,25,1,40,137,0,4,6,0.298,0.343,0.484,0.827,"$587,800"
39,624415,Cavan,Biggio,Y,Cavan Biggio,TOR,2B,26,79,250,27,56,10,1,7,27,3,1,37,78,1,4,1,0.224,0.322,0.356,0.678,"$604,000"
40,453568,Charlie,Blackmon,Y,Charlie Blackmon,COL,OF,35,150,514,76,139,25,4,13,78,3,0,54,91,0,3,11,0.27,0.351,0.411,0.762,"$21,333,333"
41,593428,Xander,Bogaerts,Y,Xander Bogaerts,BOS,SS,29,144,529,90,156,34,1,23,79,5,1,62,113,0,7,5,0.295,0.37,0.493,0.863,"$20,000,000"
42,664761,Alec,Bohm,Y,Alec Bohm,PHI,3B,25,115,380,46,94,15,0,7,47,4,0,31,111,0,4,2,0.247,0.305,0.342,0.647,"$575,000"
43,623520,David,Bote,Y,David Bote,CHC,2B,28,97,291,32,58,10,2,8,35,0,1,27,73,1,3,5,0.199,0.276,0.33,0.606,"$1,010,000"
44,656252,Bobby,Bradley,Y,Bobby Bradley,CLE,1B,25,74,245,36,51,10,0,16,41,0,0,25,99,0,3,6,0.208,0.294,0.445,0.739,"$570,500"
45,488726,Michael,Brantley,Y,Michael Brantley,HOU,OF,34,121,469,68,146,29,3,8,47,1,0,33,53,0,1,5,0.311,0.362,0.437,0.799,"$16,000,000"
46,608324,Alex,Bregman,Y,Alex Bregman,HOU,3B,27,91,348,54,94,17,0,12,55,1,0,44,53,0,4,4,0.27,0.355,0.422,0.777,"$12,666,666"
47,621446,Lewis,Brinson,Y,Lewis Brinson,MIA,OF,27,89,274,24,62,14,0,9,33,1,1,13,72,1,1,1,0.226,0.263,0.376,0.639,"$587,500"
48,664913,Seth,Brown,Y,Seth Brown,OAK,OF,29,111,281,43,60,13,1,20,48,4,1,23,89,0,2,1,0.214,0.274,0.48,0.754,"$570,500"
49,592178,Kris,Bryant,Y,Kris Bryant,SF,3B,29,51,187,28,49,13,0,7,22,6,0,23,46,0,1,1,0.262,0.344,0.444,0.788,"$19,500,000"
50,621439,Byron,Buxton,Y,Byron Buxton,MIN,OF,27,61,235,50,72,23,0,19,32,9,1,13,62,0,0,6,0.306,0.358,0.647,1.005,"$5,125,000"
51,452678,Asdrubal,Cabrera,Y,Asdrubal Cabrera,ARI,3B,35,90,283,34,69,21,0,7,40,1,0,33,73,0,3,2,0.244,0.324,0.392,0.716,"$1,750,000"
52,408234,Miguel,Cabrera,Y,Miguel Cabrera,DET,DH,38,130,472,48,121,16,0,15,75,0,0,40,118,0,9,5,0.256,0.316,0.386,0.702,"$30,000,000"
53,456715,Lorenzo,Cain,Y,Lorenzo Cain,MIL,OF,35,78,257,40,66,13,0,8,36,13,2,26,48,0,1,2,0.257,0.329,0.401,0.73,"$16,000,000"
54,594777,Kole,Calhoun,Y,Kole Calhoun,ARI,OF,34,51,166,17,39,8,0,5,17,1,0,15,41,0,1,0,0.235,0.297,0.373,0.67,"$8,000,000"
55,641432,Willie,Calhoun,Y,Willie Calhoun,TEX,OF,26,75,260,26,65,10,3,6,25,0,2,21,34,0,1,2,0.25,0.31,0.381,0.691,"$593,000"
56,663662,Daz,Cameron,Y,Daz Cameron,DET,OF,24,35,103,16,20,5,0,4,13,6,0,10,38,0,0,2,0.194,0.278,0.359,0.637,"$570,500"
57,600869,Jeimer,Candelario,Y,Jeimer Candelario,DET,1B,27,149,557,75,151,42,3,16,67,0,0,65,135,0,0,4,0.271,0.351,0.443,0.794,"$2,850,000"
58,592192,Mark,Canha,Y,Mark Canha,OAK,OF,32,141,519,93,120,22,4,17,61,12,2,77,128,0,2,27,0.231,0.358,0.387,0.745,"$6,925,000"
59,605170,Victor,Caratini,Y,Victor Caratini,SD,C,28,116,313,33,71,9,0,7,39,2,0,35,82,0,4,4,0.227,0.309,0.323,0.632,"$1,300,000"
60,666185,Dylan,Carlson,Y,Dylan Carlson,STL,OF,22,149,542,79,144,31,4,18,65,2,1,57,152,1,8,11,0.266,0.343,0.437,0.78,"$577,100"
61,572761,Matt,Carpenter,Y,Matt Carpenter,STL,3B,35,130,207,18,35,11,1,3,21,2,0,35,77,0,1,6,0.169,0.305,0.275,0.58,"$18,500,000"
62,592200,Curt,Casali,Y,Curt Casali,SF,C,32,77,200,20,42,11,1,5,26,0,0,26,66,1,0,4,0.21,0.313,0.35,0.663,"$2,000,000"
63,592206,Nick,Castellanos,Y,Nick Castellanos,CIN,OF,29,138,531,95,164,38,1,34,100,3,1,41,121,0,6,7,0.309,0.362,0.576,0.938,"$14,075,000"
64,605612,Harold,Castro,Y,Harold Castro,DET,OF,27,106,315,35,89,13,1,3,37,1,1,14,72,4,5,1,0.283,0.31,0.359,0.669,"$581,700"
65,488771,Jason,Castro,Y,Jason Castro,HOU,C,34,66,149,22,35,7,0,8,21,0,0,25,54,2,0,3,0.235,0.356,0.443,0.799,"$3,500,000"
66,650489,Willi,Castro,Y,Willi Castro,DET,SS,24,125,413,56,91,15,6,9,38,9,4,23,109,3,3,8,0.22,0.273,0.351,0.624,"$578,500"
67,595909,Jake,Cave,Y,Jake Cave,MIN,OF,28,76,164,14,31,6,1,3,13,1,1,10,62,1,0,3,0.189,0.249,0.293,0.542,"$597,500"
68,656305,Matt,Chapman,Y,Matt Chapman,OAK,3B,28,151,529,75,111,15,3,27,72,3,2,80,202,0,9,4,0.21,0.314,0.403,0.717,"$6,490,000"
69,656308,Michael,Chavis,Y,Michael Chavis,BOS,2B,26,31,79,12,15,4,1,2,6,1,1,1,32,0,1,1,0.19,0.207,0.342,0.549,"$575,500"
70,455139,Robinson,Chirinos,Y,Robinson Chirinos,CHC,C,37,45,97,13,22,5,1,5,15,0,0,9,36,1,0,5,0.227,0.324,0.454,0.778,"$1,000,000"
71,665862,Jazz,Chisholm,Y,Jazz Chisholm,MIA,2B,23,124,464,70,115,20,4,18,53,23,8,34,145,2,3,4,0.248,0.303,0.425,0.728,"$571,750"
72,596847,Ji-Man,Choi,Y,Ji-Man Choi,TB,1B,30,83,258,36,59,14,0,11,45,0,0,45,87,0,0,2,0.229,0.348,0.411,0.759,"$2,450,000"
73,641470,Zack,Collins,Y,Zack Collins,CWS,DH,26,78,195,25,41,13,0,4,26,1,1,34,69,1,0,1,0.21,0.33,0.338,0.668,"$575,000"
74,624424,Michael,Conforto,Y,Michael Conforto,NYM,OF,28,125,406,52,94,20,0,14,55,1,0,59,104,0,2,12,0.232,0.344,0.384,0.728,"$12,250,000"
75,575929,Willson,Contreras,Y,Willson Contreras,CHC,C,29,128,413,61,98,20,0,21,57,5,4,52,138,0,4,14,0.237,0.34,0.438,0.778,"$6,650,000"
76,661388,William,Contreras,Y,William Contreras,ATL,C,23,52,163,19,35,4,1,8,23,0,0,19,54,0,1,2,0.215,0.303,0.399,0.702,"$570,500"
77,643265,Garrett,Cooper,Y,Garrett Cooper,MIA,1B,30,71,215,30,61,10,1,9,33,1,1,30,68,0,1,4,0.284,0.38,0.465,0.845,"$1,900,000"
78,621043,Carlos,Correa,Y,Carlos Correa,HOU,SS,27,148,555,104,155,34,1,26,92,0,0,75,116,0,6,4,0.279,0.366,0.485,0.851,"$11,700,000"
79,543063,Brandon,Crawford,Y,Brandon Crawford,SF,SS,34,138,483,79,144,30,3,24,90,11,3,56,105,0,5,5,0.298,0.373,0.522,0.895,"$15,200,000"
80,641487,J.P.,Crawford,Y,J.P. Crawford,SEA,SS,26,160,619,89,169,37,0,9,54,3,6,58,114,1,4,5,0.273,0.338,0.376,0.714,"$2,050,000"
81,543068,C.J.,Cron,Y,C.J. Cron,COL,1B,31,142,470,70,132,31,1,28,92,1,0,60,117,0,4,13,0.281,0.375,0.53,0.905,"$1,000,000"
82,630105,Jake,Cronenworth,Y,Jake Cronenworth,SD,2B,27,152,567,94,151,33,7,21,71,4,3,55,90,3,3,10,0.266,0.34,0.46,0.8,"$584,900"
83,443558,Nelson,Cruz,Y,Nelson Cruz,TB,DH,41,55,217,35,49,8,0,13,36,0,0,16,63,0,2,2,0.226,0.283,0.442,0.725,"$13,000,000"
84,518586,Charlie,Culberson,Y,Charlie Culberson,TEX,OF,32,91,247,23,60,15,2,5,22,7,1,17,64,4,1,2,0.243,0.296,0.381,0.677,"$1,500,000"
85,666915,Bobby,Dalbec,Y,Bobby Dalbec,BOS,1B,26,133,417,50,100,21,5,25,78,2,0,28,156,0,1,7,0.24,0.298,0.494,0.792,"$575,000"
86,605204,J.D.,Davis,Y,J.D. Davis,NYM,3B,28,73,179,18,51,12,0,5,23,1,0,24,68,0,2,6,0.285,0.384,0.436,0.82,"$2,100,000"
87,501981,Khris,Davis,Y,Khris Davis,TEX,DH,33,22,51,8,8,1,1,2,5,0,0,8,16,0,2,0,0.157,0.262,0.333,0.595,"$570,500"
88,602074,Yonathan,Daza,Y,Yonathan Daza,COL,OF,27,107,301,26,85,12,2,2,30,2,1,21,60,6,1,2,0.282,0.332,0.355,0.687,"$572,500"
89,657557,Paul,DeJong,Y,Paul DeJong,STL,SS,28,113,356,44,70,10,1,19,45,4,1,35,103,0,2,9,0.197,0.284,0.39,0.674,"$4,166,666"
90,646240,Rafael,Devers,Y,Rafael Devers,BOS,3B,24,156,591,101,165,37,1,38,113,5,5,62,143,0,4,7,0.279,0.352,0.538,0.89,"$4,575,000"
91,649557,Aledmys,Diaz,Y,Aledmys Diaz,HOU,2B,31,84,294,28,76,19,0,8,45,0,1,16,62,0,0,9,0.259,0.317,0.405,0.722,"$3,000,000"
92,553869,Elias,Diaz,Y,Elias Diaz,COL,C,30,106,338,52,83,18,1,18,44,0,0,30,60,0,1,2,0.246,0.31,0.464,0.774,"$1,300,000"
93,650331,Lewin,Diaz,Y,Lewin Diaz,MIA,1B,25,40,122,16,25,4,1,8,13,0,0,6,33,0,0,0,0.205,0.242,0.451,0.693,"$570,500"
94,650490,Yandy,Diaz,Y,Yandy Diaz,TB,3B,30,134,465,62,119,20,1,13,64,1,1,69,85,0,4,3,0.256,0.353,0.387,0.74,"$588,900"
95,543105,Alex,Dickerson,Y,Alex Dickerson,SF,OF,31,111,283,37,66,10,2,13,38,1,0,23,76,0,0,6,0.233,0.304,0.42,0.724,"$2,100,000"
96,572816,Corey,Dickerson,Y,Corey Dickerson,TOR,OF,32,46,131,16,37,6,2,4,15,4,1,9,23,0,0,0,0.282,0.329,0.45,0.779,"$9,500,000"
97,594694,Wilmer,Difo,Y,Wilmer Difo,PIT,SS,29,116,219,25,59,7,3,4,24,1,0,20,54,0,1,0,0.269,0.329,0.384,0.713,"$1,000,000"
98,518626,Josh,Donaldson,Y,Josh Donaldson,MIN,3B,35,135,457,73,113,26,0,26,72,0,0,74,114,0,8,4,0.247,0.352,0.475,0.827,"$21,000,000"
99,641531,Hunter,Dozier,Y,Hunter Dozier,KC,1B,30,144,487,55,105,27,6,16,54,5,4,43,154,0,6,7,0.216,0.285,0.394,0.679,"$2,500,000"
100,622110,Matt,Duffy,Y,Matt Duffy,CHC,3B,30,97,289,45,83,12,0,5,30,8,1,25,63,0,1,7,0.287,0.357,0.381,0.738,"$1,000,000"
101,621453,Steven,Duggar,Y,Steven Duggar,SF,OF,27,107,268,45,69,14,5,8,35,7,0,27,88,0,0,2,0.257,0.33,0.437,0.767,"$570,500"
102,594807,Adam,Duvall,Y,Adam Duvall,ATL,OF,33,55,199,26,45,7,1,16,45,0,0,14,69,0,0,3,0.226,0.287,0.513,0.8,"$2,000,000"
103,502481,Jarrod,Dyson,Y,Jarrod Dyson,KC,OF,37,77,122,13,27,7,2,0,10,8,3,6,28,3,1,0,0.221,0.256,0.311,0.567,"$1,500,000"
104,669242,Tommy,Edman,Y,Tommy Edman,STL,2B,26,159,641,91,168,41,3,11,56,30,5,38,95,2,4,6,0.262,0.308,0.387,0.695,"$596,000"
105,641553,Adam,Engel,Y,Adam Engel,CWS,OF,29,39,123,21,31,9,0,7,18,7,1,11,31,0,1,5,0.252,0.336,0.496,0.832,"$1,375,000"
106,444876,Alcides,Escobar,Y,Alcides Escobar,WAS,SS,34,75,319,53,92,21,2,4,28,3,0,17,56,2,2,9,0.288,0.34,0.404,0.744,"$1,000,000"
108,500871,Eduardo,Escobar,Y,Eduardo Escobar,MIL,3B,32,48,179,27,48,12,2,6,25,0,0,19,39,0,0,1,0.268,0.342,0.458,0.8,"$7,500,000"
109,669289,Santiago,Espinal,Y,Santiago Espinal,TOR,SS,26,92,222,32,69,13,1,2,17,6,1,22,30,1,0,1,0.311,0.376,0.405,0.781,"$570,500"
110,571657,Kyle,Farmer,Y,Kyle Farmer,CIN,2B,31,147,483,60,127,22,2,16,63,2,3,22,97,1,5,18,0.263,0.316,0.416,0.732,"$640,000"
111,664058,David,Fletcher,Y,David Fletcher,LAA,2B,27,157,626,74,164,27,3,2,47,15,3,31,60,6,1,1,0.262,0.297,0.324,0.621,"$2,000,000"
112,527038,Wilmer,Flores,Y,Wilmer Flores,SF,2B,30,139,389,57,102,16,1,18,53,1,0,41,56,0,3,3,0.262,0.335,0.447,0.782,"$3,000,000"
113,641584,Jake,Fraley,Y,Jake Fraley,SEA,OF,26,78,214,27,45,7,0,9,36,10,2,46,71,1,2,2,0.21,0.352,0.369,0.721,"$572,100"
114,664034,Ty,France,Y,Ty France,SEA,2B,27,152,571,85,166,32,1,18,73,0,0,46,106,0,6,27,0.291,0.368,0.445,0.813,"$587,500"
115,677551,Wander,Franco,Y,Wander Franco,TB,SS,20,70,281,53,81,18,5,7,39,2,1,24,37,0,1,2,0.288,0.347,0.463,0.81,"$570,500"
116,624428,Adam,Frazier,Y,Adam Frazier,SD,2B,29,57,191,25,51,8,1,1,11,5,1,13,23,3,0,4,0.267,0.327,0.335,0.662,"$4,300,000"
117,640449,Clint,Frazier,Y,Clint Frazier,NYY,OF,27,66,183,20,34,9,0,5,15,2,0,32,65,0,0,3,0.186,0.317,0.317,0.634,"$2,100,000"
118,518692,Freddie,Freeman,Y,Freddie Freeman,ATL,1B,32,159,600,120,180,25,2,31,83,8,3,85,107,0,2,8,0.3,0.393,0.503,0.896,"$22,409,375"
119,608336,Joey,Gallo,Y,Joey Gallo,NYY,OF,27,58,188,33,30,7,0,13,22,0,0,37,88,0,1,2,0.16,0.303,0.404,0.707,"$6,200,000"
120,520471,Freddy,Galvis,Y,Freddy Galvis,PHI,2B,31,32,107,17,24,3,0,5,14,0,0,9,19,0,2,2,0.224,0.292,0.393,0.685,"$1,500,000"
121,592325,Ben,Gamel,Y,Ben Gamel,PIT,OF,29,111,326,42,83,17,3,8,26,3,6,48,99,2,4,3,0.255,0.352,0.399,0.751,"$1,500,000"
122,666969,Adolis,Garcia,Y,Adolis Garcia,TEX,OF,28,149,581,77,141,26,2,31,90,16,5,32,194,0,4,5,0.243,0.286,0.454,0.74,"$575,000"
123,541645,Avisail,Garcia,Y,Avisail Garcia,MIL,OF,30,135,461,68,121,18,0,29,86,8,4,38,121,0,5,11,0.262,0.33,0.49,0.82,"$10,750,000"
124,544725,Leury,Garcia,Y,Leury Garcia,CWS,SS,30,126,415,60,111,22,4,5,54,6,2,41,97,9,5,4,0.267,0.335,0.376,0.711,"$3,500,000"
125,671277,Luis,Garcia,Y,Luis Garcia,WAS,2B,21,70,236,29,57,18,2,6,22,0,2,11,43,0,0,0,0.242,0.275,0.411,0.686,"$570,500"
127,458731,Brett,Gardner,Y,Brett Gardner,NYY,OF,38,140,387,47,86,16,4,10,39,4,0,60,100,5,6,3,0.222,0.327,0.362,0.689,"$2,850,000"
128,664247,Kyle,Garlick,Y,Kyle Garlick,MIN,OF,29,36,99,17,23,8,0,5,10,1,0,6,32,0,1,1,0.232,0.28,0.465,0.745,"$570,500"
129,572863,Dustin,Garneau,Y,Dustin Garneau,DET,C,34,20,62,9,13,5,0,6,11,0,0,3,18,0,2,1,0.21,0.25,0.581,0.831,"$570,500"
130,641598,Mitch,Garver,Y,Mitch Garver,MIN,C,30,68,207,29,53,15,0,13,34,1,1,31,71,0,2,3,0.256,0.358,0.517,0.875,"$1,875,000"
131,665926,Andres,Gimenez,Y,Andres Gimenez,CLE,SS,23,68,188,23,41,10,0,5,16,11,0,11,54,1,3,7,0.218,0.282,0.351,0.633,"$577,100"
132,502671,Paul,Goldschmidt,Y,Paul Goldschmidt,STL,1B,34,158,603,102,177,36,2,31,99,12,0,67,136,0,5,4,0.294,0.365,0.514,0.879,"$26,000,000"
133,543228,Yan,Gomes,Y,Yan Gomes,OAK,C,34,40,131,19,29,4,0,5,17,0,0,6,31,0,1,2,0.221,0.264,0.366,0.63,"$6,000,000"
134,503556,Marwin,Gonzalez,Y,Marwin Gonzalez,BOS,2B,32,77,242,25,49,14,0,2,20,3,2,19,70,1,1,8,0.202,0.281,0.285,0.566,"$570,500"
135,592348,Niko,Goodrum,Y,Niko Goodrum,DET,2B,29,90,290,39,62,11,2,9,33,14,5,29,107,0,2,4,0.214,0.292,0.359,0.651,"$2,100,000"
136,571718,Brian,Goodwin,Y,Brian Goodwin,CWS,OF,30,72,235,33,52,10,1,8,29,1,0,33,58,1,1,1,0.221,0.319,0.374,0.693,"$1,000,000"
137,624503,Nick,Gordon,Y,Nick Gordon,MIN,SS,25,73,200,19,48,9,1,4,23,10,1,12,55,0,1,3,0.24,0.292,0.355,0.647,"$570,500"
138,518735,Yasmani,Grandal,Y,Yasmani Grandal,CWS,C,32,93,279,60,67,9,0,23,62,0,0,87,82,1,5,3,0.24,0.42,0.52,0.94,"$18,250,000"
139,544369,Didi,Gregorius,Y,Didi Gregorius,PHI,SS,31,103,368,35,77,16,2,13,54,3,0,25,67,0,7,8,0.209,0.27,0.37,0.64,"$12,750,000"
140,545341,Randal,Grichuk,Y,Randal Grichuk,TOR,OF,30,149,511,59,123,25,1,22,81,0,3,27,114,0,4,3,0.241,0.281,0.423,0.704,"$10,333,333"
141,663757,Trent,Grisham,Y,Trent Grisham,SD,OF,24,132,462,61,112,28,3,15,62,13,5,54,119,1,4,6,0.242,0.327,0.413,0.74,"$589,200"
142,543257,Robbie,Grossman,Y,Robbie Grossman,DET,OF,32,156,557,88,133,23,3,23,67,20,5,98,155,2,6,8,0.239,0.357,0.415,0.772,"$5,500,000"
143,641645,Luis,Guillorme,Y,Luis Guillorme,NYM,2B,27,69,132,13,35,3,0,1,5,0,2,23,23,1,0,0,0.265,0.374,0.311,0.685,"$580,701"
144,642721,Kelvin,Gutierrez,Y,Kelvin Gutierrez,KC,3B,27,38,135,9,29,4,2,1,8,0,1,6,31,0,0,1,0.215,0.254,0.296,0.55,"$570,500"
145,606992,Eric,Haase,Y,Eric Haase,DET,C,28,98,351,48,81,12,1,22,61,2,0,26,119,0,2,2,0.231,0.286,0.459,0.745,"$570,500"
146,664059,Sam,Haggerty,Y,Sam Haggerty,SEA,OF,27,35,86,15,16,3,0,2,5,5,1,6,28,1,0,1,0.186,0.247,0.291,0.538,"$574,300"
147,571740,Billy,Hamilton,Y,Billy Hamilton,CWS,OF,31,71,127,23,28,8,3,2,11,9,0,4,47,3,1,0,0.22,0.242,0.378,0.62,"$1,250,000"
148,641658,Garrett,Hampson,Y,Garrett Hampson,COL,2B,27,147,453,69,106,21,6,11,33,17,7,33,118,3,2,3,0.234,0.289,0.38,0.669,"$580,500"
149,571745,Mitch,Haniger,Y,Mitch Haniger,SEA,OF,30,157,620,110,157,23,2,39,100,1,0,54,169,0,8,9,0.253,0.318,0.485,0.803,"$3,010,000"
150,664023,Ian,Happ,Y,Ian Happ,CHC,OF,27,148,465,63,105,20,1,25,66,9,2,62,156,2,1,5,0.226,0.323,0.434,0.757,"$4,100,000"
151,547180,Bryce,Harper,Y,Bryce Harper,PHI,OF,29,141,488,101,151,42,1,35,84,13,3,100,134,2,4,5,0.309,0.429,0.615,1.044,"$27,538,462"
152,543281,Josh,Harrison,Y,Josh Harrison,OAK,2B,34,48,185,19,47,10,0,2,22,4,3,6,25,0,2,6,0.254,0.296,0.341,0.637,"$1,250,000"
153,663647,Ke'Bryan,Hayes,Y,Ke'Bryan Hayes,PIT,3B,24,96,362,49,93,20,2,6,38,9,1,31,87,0,2,1,0.257,0.316,0.373,0.689,"$589,500"
154,669720,Austin,Hays,Y,Austin Hays,BAL,OF,26,131,488,73,125,26,4,22,71,4,3,28,107,3,1,9,0.256,0.308,0.461,0.769,"$578,500"
155,595978,Austin,Hedges,Y,Austin Hedges,CLE,C,29,88,286,32,51,7,0,10,31,1,0,15,87,7,3,1,0.178,0.22,0.308,0.528,"$3,280,000"
156,641680,Jonah,Heim,Y,Jonah Heim,TEX,C,26,82,265,22,52,13,0,10,32,3,1,15,58,1,3,1,0.196,0.239,0.358,0.597,"$574,000"
157,628338,Guillermo,Heredia,Y,Guillermo Heredia,ATL,OF,30,120,305,46,67,26,0,5,26,0,0,32,81,0,1,9,0.22,0.311,0.354,0.665,"$1,000,000"
158,514917,Cesar,Hernandez,Y,Cesar Hernandez,CWS,2B,31,53,194,24,45,4,0,3,15,1,1,21,45,0,1,1,0.232,0.309,0.299,0.608,"$5,000,000"
159,571771,Enrique,Hernandez,Y,Enrique Hernandez,BOS,2B,30,134,508,84,127,35,3,20,60,1,0,61,110,0,7,9,0.25,0.337,0.449,0.786,"$6,000,000"
160,606192,Teoscar,Hernandez,Y,Teoscar Hernandez,TOR,OF,29,143,550,92,163,29,0,32,116,12,4,36,148,0,2,7,0.296,0.346,0.524,0.87,"$4,325,000"
161,546318,Odubel,Herrera,Y,Odubel Herrera,PHI,OF,29,124,450,59,117,27,2,13,51,6,1,29,77,1,5,6,0.26,0.31,0.416,0.726,"$10,350,000"
162,518792,Jason,Heyward,Y,Jason Heyward,CHC,OF,32,104,323,35,69,15,2,8,30,5,1,27,68,0,0,3,0.214,0.28,0.347,0.627,"$23,500,000"
163,543305,Aaron,Hicks,Y,Aaron Hicks,NYY,OF,32,32,108,13,21,3,0,4,14,0,0,14,30,0,2,2,0.194,0.294,0.333,0.627,"$10,785,714"
164,543309,Kyle,Higashioka,Y,Kyle Higashioka,NYY,C,31,67,193,20,35,10,0,10,29,0,0,17,59,0,1,0,0.181,0.246,0.389,0.635,"$594,000"
165,656541,Sam,Hilliard,Y,Sam Hilliard,COL,OF,27,81,214,32,46,7,2,14,34,5,0,23,87,0,0,1,0.215,0.294,0.463,0.757,"$575,500"
166,663538,Nico,Hoerner,Y,Nico Hoerner,CHC,2B,24,44,149,13,45,10,0,0,16,5,3,17,25,0,1,3,0.302,0.382,0.369,0.751,"$570,500"
167,571788,Brock,Holt,Y,Brock Holt,TEX,3B,33,77,235,21,49,13,1,2,23,5,1,23,49,0,1,1,0.209,0.281,0.298,0.579,"$1,750,000"
168,656555,Rhys,Hoskins,Y,Rhys Hoskins,PHI,1B,28,107,389,64,96,29,0,27,71,3,2,47,108,0,2,5,0.247,0.334,0.53,0.864,"$4,800,000"
169,543333,Eric,Hosmer,Y,Eric Hosmer,SD,1B,31,151,509,53,137,28,0,12,65,5,4,48,99,1,2,5,0.269,0.337,0.395,0.732,"$21,000,000"
170,578428,Jose,Iglesias,Y,Jose Iglesias,BOS,SS,31,23,59,8,21,4,1,1,7,0,0,3,9,0,0,2,0.356,0.406,0.508,0.914,"$570,500"
171,663697,Jonathan,India,Y,Jonathan India,CIN,2B,24,150,532,98,143,34,2,21,69,12,3,71,141,1,4,23,0.269,0.376,0.459,0.835,"$570,500"
172,656577,Alex,Jackson,Y,Alex Jackson,MIA,C,25,42,108,11,17,4,0,3,12,0,0,11,60,0,0,4,0.157,0.26,0.278,0.538,"$580,500"
173,608671,Travis,Jankowski,Y,Travis Jankowski,PHI,OF,30,76,131,24,33,6,2,1,10,5,0,22,29,2,0,1,0.252,0.364,0.351,0.715,"$570,500"
174,643376,Danny,Jansen,Y,Danny Jansen,TOR,C,26,70,184,32,41,13,0,11,28,0,0,17,44,1,0,3,0.223,0.299,0.473,0.772,"$601,800"
175,680777,Ryan,Jeffers,Y,Ryan Jeffers,MIN,C,24,85,267,28,53,10,1,14,35,0,1,22,108,0,0,4,0.199,0.27,0.401,0.671,"$575,500"
176,650391,Eloy,Jimenez,Y,Eloy Jimenez,CWS,OF,24,55,213,23,53,10,0,10,37,0,0,16,57,0,1,1,0.249,0.303,0.437,0.74,"$4,333,333"
177,656582,Connor,Joe,Y,Connor Joe,COL,OF,29,63,179,23,51,9,0,8,35,0,0,26,41,0,3,3,0.285,0.379,0.469,0.848,"$570,500"
178,663330,Jahmai,Jones,Y,Jahmai Jones,BAL,2B,24,26,67,5,10,3,0,0,3,1,0,4,26,0,0,1,0.149,0.208,0.194,0.402,"$570,500"
179,592450,Aaron,Judge,Y,Aaron Judge,NYY,OF,29,148,550,89,158,24,0,39,98,6,1,75,158,0,5,3,0.287,0.373,0.544,0.917,"$10,175,000"
180,672284,Jarred,Kelenic,Y,Jarred Kelenic,SEA,OF,22,93,337,41,61,13,1,14,43,6,4,36,106,0,1,3,0.181,0.265,0.35,0.615,"$570,500"
181,608348,Carson,Kelly,Y,Carson Kelly,ARI,C,27,98,304,41,73,11,1,13,46,0,0,44,74,0,5,6,0.24,0.343,0.411,0.754,"$1,700,000"
182,643393,Tony,Kemp,Y,Tony Kemp,OAK,2B,29,131,330,54,92,16,3,8,37,8,2,52,51,4,5,6,0.279,0.382,0.418,0.8,"$1,050,000"
183,596146,Max,Kepler,Y,Max Kepler,MIN,OF,28,121,426,61,90,21,4,19,54,10,0,54,96,0,4,6,0.211,0.306,0.413,0.719,"$6,500,000"
184,666198,Carter,Kieboom,Y,Carter Kieboom,WAS,3B,24,62,217,26,45,6,0,6,20,0,0,25,62,0,2,5,0.207,0.301,0.318,0.619,"$570,500"
185,595281,Kevin,Kiermaier,Y,Kevin Kiermaier,TB,OF,31,122,348,54,90,19,7,4,37,9,5,33,99,0,4,5,0.259,0.328,0.388,0.716,"$11,666,666"
186,643396,Isiah,Kiner-Falefa,Y,Isiah Kiner-Falefa,TEX,SS,26,158,635,74,172,25,3,8,53,20,5,28,90,1,2,11,0.271,0.312,0.357,0.669,"$2,000,000"
187,666135,Alex,Kirilloff,Y,Alex Kirilloff,MIN,OF,23,59,215,23,54,11,1,8,34,1,1,14,52,0,1,1,0.251,0.299,0.423,0.722,"$570,500"
188,672386,Alejandro,Kirk,Y,Alejandro Kirk,TOR,C,22,60,165,19,40,8,0,8,24,0,0,19,22,0,2,3,0.242,0.328,0.436,0.764,"$573,500"
189,595284,Andrew,Knapp,Y,Andrew Knapp,PHI,C,29,62,145,13,22,3,0,2,11,0,0,10,61,1,1,2,0.152,0.215,0.214,0.429,"$1,100,000"
190,668800,Andrew,Knizner,Y,Andrew Knizner,STL,C,26,63,161,18,28,7,0,1,9,0,0,20,39,0,0,4,0.174,0.281,0.236,0.517,"$579,200"
191,501571,Juan,Lagares,Y,Juan Lagares,LAA,OF,32,112,309,39,73,20,2,6,38,1,2,12,76,4,1,1,0.236,0.266,0.372,0.638,"$1,250,000"
192,600303,Tommy,La Stella,Y,Tommy La Stella,SF,2B,32,76,220,26,55,11,1,7,27,0,0,18,26,0,1,1,0.25,0.308,0.405,0.713,"$2,000,000"
193,657656,Ramon,Laureano,Y,Ramon Laureano,OAK,OF,27,88,341,43,84,21,2,14,39,12,5,27,98,0,1,9,0.246,0.317,0.443,0.76,"$580,500"
194,506702,Sandy,Leon,Y,Sandy Leon,MIA,C,32,84,202,15,37,5,0,4,14,0,0,12,65,1,2,3,0.183,0.237,0.267,0.504,"$1,250,000"
195,641786,Kyle,Lewis,Y,Kyle Lewis,SEA,OF,26,36,130,15,32,4,0,5,11,2,0,16,37,0,0,1,0.246,0.333,0.392,0.725,"$625,000"
196,596019,Francisco,Lindor,Y,Francisco Lindor,NYM,SS,27,125,452,73,104,16,3,20,63,10,4,58,96,6,3,5,0.23,0.322,0.412,0.734,"$22,300,000"
197,641796,Tim,Locastro,Y,Tim Locastro,ARI,OF,29,55,118,11,21,2,0,1,5,5,3,6,26,0,0,9,0.178,0.271,0.22,0.491,"$589,100"
198,446334,Evan,Longoria,Y,Evan Longoria,SF,3B,36,81,253,45,66,17,0,13,46,1,1,35,68,0,2,1,0.261,0.351,0.482,0.833,"$18,500,000"
199,643418,Shed,Long,Y,Shed Long,SEA,2B,26,34,111,13,22,4,1,4,17,1,0,9,39,1,0,0,0.198,0.258,0.36,0.618,"$580,500"
200,664040,Brandon,Lowe,Y,Brandon Lowe,TB,2B,27,149,535,97,132,31,0,39,99,7,1,68,167,0,3,9,0.247,0.34,0.523,0.863,"$2,500,000"
201,476704,Jed,Lowrie,Y,Jed Lowrie,OAK,2B,37,139,457,55,112,28,0,14,69,0,0,49,108,0,4,2,0.245,0.318,0.398,0.716,"$1,500,000"
202,666158,Gavin,Lux,Y,Gavin Lux,LAD,2B,23,102,335,49,81,12,4,7,46,4,1,41,83,0,2,3,0.242,0.328,0.364,0.692,"$580,500"
203,592518,Manny,Machado,Y,Manny Machado,SD,3B,29,153,564,92,157,31,2,28,106,12,3,63,102,0,11,2,0.278,0.347,0.489,0.836,"$32,000,000"
204,663611,Nick,Madrigal,Y,Nick Madrigal,CWS,2B,24,54,200,30,61,10,4,2,21,1,2,11,17,0,1,3,0.305,0.349,0.425,0.774,"$584,000"
205,455117,Martin,Maldonado,Y,Martin Maldonado,HOU,C,35,125,373,40,64,10,1,12,36,0,0,47,127,0,1,5,0.172,0.272,0.3,0.572,"$3,500,000"
206,641820,Trey,Mancini,Y,Trey Mancini,BAL,1B,29,147,556,77,142,33,1,21,71,0,0,51,143,0,1,8,0.255,0.326,0.432,0.758,"$4,750,000"
207,622534,Manuel,Margot,Y,Manuel Margot,TB,OF,27,125,421,55,107,18,3,10,57,13,8,37,70,1,4,1,0.254,0.313,0.382,0.695,"$3,400,000"
208,545350,Jake,Marisnick,Y,Jake Marisnick,CHC,OF,30,65,128,17,29,6,3,5,22,3,1,9,43,1,2,4,0.227,0.294,0.438,0.732,"$1,000,000"
209,669016,Brandon,Marsh,Y,Brandon Marsh,LAA,OF,23,70,236,27,60,12,3,2,19,6,1,20,91,1,1,2,0.254,0.317,0.356,0.673,"$570,500"
210,606466,Ketel,Marte,Y,Ketel Marte,ARI,2B,28,90,340,52,108,29,1,14,50,2,0,31,60,0,1,2,0.318,0.377,0.532,0.909,"$6,000,000"
211,516782,Starling,Marte,Y,Starling Marte,MIA,OF,33,64,233,52,71,11,1,7,25,22,3,32,57,1,1,8,0.305,0.405,0.451,0.856,"$12,500,000"
212,502110,J.D.,Martinez,Y,J.D. Martinez,BOS,DH,34,148,570,92,163,42,3,28,99,0,0,55,150,0,5,3,0.286,0.349,0.518,0.867,"$19,350,000"
213,621006,Richie,Martin,Y,Richie Martin,BAL,SS,26,37,98,9,23,2,0,1,8,0,2,4,28,1,1,1,0.235,0.269,0.286,0.555,"$570,500"
214,622761,Jorge,Mateo,Y,Jorge Mateo,SD,OF,26,57,87,10,18,4,0,2,6,5,0,2,27,1,0,3,0.207,0.25,0.322,0.572,"$571,800"
215,608686,Jack,Mayfield,Y,Jack Mayfield,LAA,SS,31,75,232,28,52,14,0,10,36,5,0,16,58,3,1,3,0.224,0.282,0.414,0.696,"$570,500"
216,543510,James,McCann,Y,James McCann,NYM,C,31,121,375,29,87,12,1,10,46,1,2,32,115,0,3,2,0.232,0.294,0.349,0.643,"$8,150,000"
217,676801,Chas,McCormick,Y,Chas McCormick,HOU,OF,26,108,284,47,73,12,0,14,50,4,2,25,104,0,7,4,0.257,0.319,0.447,0.766,"$570,500"
218,457705,Andrew,McCutchen,Y,Andrew McCutchen,PHI,OF,35,144,482,78,107,24,1,27,80,6,1,81,132,0,7,4,0.222,0.334,0.444,0.778,"$20,000,000"
219,624512,Reese,McGuire,Y,Reese McGuire,TOR,C,26,78,198,22,50,15,0,1,10,0,0,15,44,1,1,2,0.253,0.31,0.343,0.653,"$570,500"
220,641856,Billy,McKinney,Y,Billy McKinney,LAD,OF,27,37,82,8,12,2,1,1,7,0,0,14,24,0,1,1,0.146,0.276,0.232,0.508,"$578,100"
221,641857,Ryan,McMahon,Y,Ryan McMahon,COL,2B,26,151,528,80,134,32,1,23,86,6,2,59,147,0,5,4,0.254,0.331,0.449,0.78,"$2,375,000"
222,643446,Jeff,McNeil,Y,Jeff McNeil,NYM,2B,29,120,386,48,97,19,1,7,35,3,0,29,58,0,1,10,0.251,0.319,0.36,0.679,"$642,251"
223,640457,Austin,Meadows,Y,Austin Meadows,TB,OF,26,142,518,79,121,29,3,27,106,4,3,59,122,0,8,6,0.234,0.315,0.458,0.773,"$591,400"
224,642336,Francisco,Mejia,Y,Francisco Mejia,TB,C,25,84,250,31,65,15,3,6,35,0,0,17,49,1,2,7,0.26,0.322,0.416,0.738,"$586,300"
225,640458,Oscar,Mercado,Y,Oscar Mercado,CLE,OF,26,72,214,27,48,11,1,6,19,7,1,21,42,1,0,2,0.224,0.3,0.369,0.669,"$570,500"
226,474568,Jordy,Mercer,Y,Jordy Mercer,WAS,SS,35,46,118,13,30,7,0,2,9,0,0,9,34,0,0,0,0.254,0.307,0.364,0.671,"$1,000,000"
227,593160,Whit,Merrifield,Y,Whit Merrifield,KC,2B,32,162,664,97,184,42,3,10,74,40,4,40,103,0,12,4,0.277,0.317,0.395,0.712,"$7,450,000"
228,543543,Brad,Miller,Y,Brad Miller,PHI,3B,31,140,331,53,75,9,3,20,49,3,0,45,112,0,0,1,0.227,0.321,0.453,0.774,"$3,500,000"
229,680911,Owen,Miller,Y,Owen Miller,CLE,2B,24,60,191,17,39,8,0,4,18,2,0,9,54,0,1,1,0.204,0.243,0.309,0.552,"$570,500"
230,425877,Yadier,Molina,Y,Yadier Molina,STL,C,39,121,440,45,111,19,0,11,66,3,0,24,79,0,3,5,0.252,0.297,0.37,0.667,"$9,000,000"
231,660162,Yoan,Moncada,Y,Yoan Moncada,CWS,3B,26,144,520,74,137,33,1,14,61,3,2,84,157,0,2,10,0.263,0.375,0.412,0.787,"$6,800,000"
232,609275,Adalberto,Mondesi,Y,Adalberto Mondesi,KC,SS,26,35,126,19,29,8,1,6,17,15,1,6,43,3,0,1,0.23,0.271,0.452,0.723,"$2,525,000"
233,664238,Dylan,Moore,Y,Dylan Moore,SEA,2B,29,126,332,42,60,11,2,12,43,21,5,40,111,0,1,4,0.181,0.276,0.334,0.61,"$590,400"
234,592567,Colin,Moran,Y,Colin Moran,PIT,1B,29,99,318,29,82,12,0,10,50,1,0,36,87,0,3,2,0.258,0.334,0.39,0.724,"$2,800,000"
235,519048,Mitch,Moreland,Y,Mitch Moreland,OAK,1B,36,81,229,28,52,11,1,10,30,0,0,18,58,0,3,2,0.227,0.286,0.415,0.701,"$2,250,000"
236,663624,Ryan,Mountcastle,Y,Ryan Mountcastle,BAL,1B,24,144,534,77,136,23,1,33,89,4,3,41,161,0,7,4,0.255,0.309,0.487,0.796,"$574,500"
237,519058,Mike,Moustakas,Y,Mike Moustakas,CIN,2B,33,62,183,21,38,12,0,6,22,0,0,18,46,0,3,2,0.208,0.282,0.372,0.654,"$14,000,000"
238,656775,Cedric,Mullins,Y,Cedric Mullins,BAL,OF,27,159,602,91,175,37,5,30,59,30,8,59,125,1,4,8,0.291,0.36,0.518,0.878,"$577,000"
239,571970,Max,Muncy,Y,Max Muncy,LAD,2B,31,144,497,95,124,26,2,36,94,2,1,83,120,0,1,11,0.249,0.368,0.527,0.895,"$9,000,000"
241,669221,Sean,Murphy,Y,Sean Murphy,OAK,C,27,119,393,47,85,23,0,17,59,0,0,40,114,0,3,12,0.216,0.306,0.405,0.711,"$575,500"
242,608596,Tom,Murphy,Y,Tom Murphy,SEA,C,30,97,277,35,56,8,0,11,34,0,0,40,99,0,3,2,0.202,0.304,0.35,0.654,"$875,000"
243,571976,Wil,Myers,Y,Wil Myers,SD,OF,30,146,442,56,113,24,2,17,63,8,5,54,141,0,4,0,0.256,0.334,0.434,0.768,"$22,500,000"
244,571980,Tyler,Naquin,Y,Tyler Naquin,CIN,OF,30,127,411,52,111,24,2,19,70,5,3,35,106,0,3,5,0.27,0.333,0.477,0.81,"$1,500,000"
245,553882,Omar,Narvaez,Y,Omar Narvaez,MIL,C,29,123,391,54,104,20,0,11,49,0,0,41,84,0,6,7,0.266,0.342,0.402,0.744,"$2,500,000"
246,647304,Josh,Naylor,Y,Josh Naylor,CLE,OF,24,69,233,28,59,13,0,7,21,1,0,14,45,0,0,2,0.253,0.301,0.399,0.7,"$577,500"
247,621028,Kevin,Newman,Y,Kevin Newman,PIT,2B,28,148,517,50,117,22,3,5,39,6,1,27,41,6,3,1,0.226,0.265,0.309,0.574,"$598,000"
248,621512,Tomas,Nido,Y,Tomas Nido,NYM,C,27,58,153,16,34,5,1,3,13,1,0,5,44,0,0,3,0.222,0.261,0.327,0.588,"$577,720"
249,607043,Brandon,Nimmo,Y,Brandon Nimmo,NYM,OF,28,92,325,51,95,17,3,8,28,5,4,54,79,2,0,5,0.292,0.401,0.437,0.838,"$4,700,000"
250,543592,Austin,Nola,Y,Austin Nola,SD,C,31,56,173,15,47,12,0,2,29,0,1,14,19,0,2,5,0.272,0.34,0.376,0.716,"$571,500"
251,624513,Dom,Nunez,Y,Dom Nunez,COL,C,26,81,228,31,43,12,3,10,33,0,0,34,91,0,1,0,0.189,0.293,0.399,0.692,"$572,500"
252,596059,Rougned,Odor,Y,Rougned Odor,NYY,2B,27,102,322,42,65,12,0,15,39,0,1,27,100,1,0,11,0.202,0.286,0.379,0.665,"$12,333,333"
253,656811,Ryan,O'Hearn,Y,Ryan O'Hearn,KC,1B,28,84,236,23,53,5,1,9,29,0,0,13,71,0,3,2,0.225,0.268,0.369,0.637,"$570,500"
254,621566,Matt,Olson,Y,Matt Olson,OAK,1B,27,156,565,101,153,35,0,39,111,4,1,88,113,0,11,9,0.271,0.371,0.54,0.911,"$5,000,000"
255,641933,Tyler,O'Neill,Y,Tyler O'Neill,STL,OF,26,138,482,89,138,26,2,34,80,15,4,38,168,0,4,13,0.286,0.352,0.56,0.912,"$594,700"
256,542364,Rafael,Ortega,Y,Rafael Ortega,CHC,OF,30,103,296,44,86,14,2,11,33,12,6,30,70,2,0,2,0.291,0.36,0.463,0.823,"$570,500"
257,542303,Marcell,Ozuna,Y,Marcell Ozuna,ATL,OF,30,48,188,21,40,6,0,7,26,0,0,19,46,0,0,1,0.213,0.288,0.356,0.644,"$16,000,000"
258,670623,Isaac,Paredes,Y,Isaac Paredes,DET,3B,22,23,72,7,15,3,1,1,5,0,0,10,11,0,2,1,0.208,0.306,0.319,0.625,"$570,500"
259,467827,Gerardo,Parra,Y,Gerardo Parra,WAS,OF,34,53,97,13,23,5,0,2,10,1,1,6,30,1,1,2,0.237,0.292,0.351,0.643,"$1,000,000"
260,592626,Joc,Pederson,Y,Joc Pederson,ATL,OF,29,64,173,20,43,8,1,7,22,0,0,17,43,0,1,3,0.249,0.325,0.428,0.753,"$4,500,000"
261,444482,David,Peralta,Y,David Peralta,ARI,OF,34,150,487,57,126,30,8,8,63,2,1,46,92,0,2,3,0.259,0.325,0.402,0.727,"$7,500,000"
262,606299,Jose,Peraza,Y,Jose Peraza,NYM,2B,27,64,142,21,29,7,0,6,20,1,0,9,26,0,0,3,0.204,0.266,0.38,0.646,"$575,000"
263,605421,Michael,Perez,Y,Michael Perez,PIT,C,29,70,210,19,30,8,1,7,21,0,1,19,68,0,0,2,0.143,0.221,0.29,0.511,"$591,500"
264,547379,Roberto,Perez,Y,Roberto Perez,CLE,C,32,44,141,13,21,3,0,7,17,1,0,17,56,2,0,1,0.149,0.245,0.319,0.564,"$5,500,000"
265,521692,Salvador,Perez,Y,Salvador Perez,KC,C,31,161,620,88,169,24,0,48,121,1,0,28,170,0,4,13,0.273,0.316,0.544,0.86,"$14,200,000"
266,607054,Jace,Peterson,Y,Jace Peterson,MIL,OF,31,94,259,36,64,11,1,6,31,10,1,38,68,0,2,3,0.247,0.348,0.367,0.715,"$575,000"
267,502054,Tommy,Pham,Y,Tommy Pham,SD,OF,33,155,475,74,109,24,2,15,49,14,6,78,128,0,4,4,0.229,0.34,0.383,0.723,"$8,900,000"
268,621433,Brett,Phillips,Y,Brett Phillips,TB,OF,27,119,253,50,52,9,4,13,44,14,3,33,113,2,2,2,0.206,0.3,0.427,0.727,"$584,400"
269,607680,Kevin,Pillar,Y,Kevin Pillar,NYM,OF,32,124,325,40,75,11,2,15,47,4,3,11,81,0,1,10,0.231,0.277,0.415,0.692,"$3,600,000"
270,640461,Chad,Pinder,Y,Chad Pinder,OAK,2B,29,75,214,30,52,16,1,6,27,1,0,16,62,0,1,2,0.243,0.3,0.411,0.711,"$2,275,000"
271,572039,Stephen,Piscotty,Y,Stephen Piscotty,OAK,OF,30,72,173,14,38,8,0,5,16,1,0,13,48,0,0,2,0.22,0.282,0.353,0.635,"$7,583,333"
272,608700,Kevin,Plawecki,Y,Kevin Plawecki,BOS,C,30,64,157,15,45,7,0,3,15,0,0,12,26,1,0,3,0.287,0.349,0.389,0.738,"$1,600,000"
273,593871,Jorge,Polanco,Y,Jorge Polanco,MIN,SS,28,152,588,97,158,35,2,33,98,11,6,45,118,0,6,5,0.269,0.323,0.503,0.826,"$4,333,334"
274,457763,Buster,Posey,Y,Buster Posey,SF,C,34,113,395,68,120,23,0,18,56,0,0,56,87,0,2,1,0.304,0.39,0.499,0.889,"$22,202,777"
275,595777,Jurickson,Profar,Y,Jurickson Profar,SD,2B,28,137,353,47,80,17,2,4,33,10,5,49,65,1,2,6,0.227,0.329,0.32,0.649,"$4,333,333"
276,405395,Albert,Pujols,Y,Albert Pujols,LAA,1B,41,24,86,9,17,0,0,5,12,1,0,3,13,0,0,3,0.198,0.25,0.372,0.622,"$570,500"
277,596451,Roman,Quinn,Y,Roman Quinn,PHI,OF,28,28,52,8,9,2,2,0,2,4,3,6,19,0,0,4,0.173,0.306,0.288,0.594,"$578,000"
278,663728,Cal,Raleigh,Y,Cal Raleigh,SEA,C,24,47,139,6,25,12,0,2,13,0,0,7,52,0,1,1,0.18,0.223,0.309,0.532,"$570,500"
279,623912,Harold,Ramirez,Y,Harold Ramirez,CLE,OF,27,99,339,33,91,21,1,7,41,3,1,14,56,0,3,5,0.268,0.305,0.398,0.703,"$587,000"
280,608070,Jose,Ramirez,Y,Jose Ramirez,CLE,3B,29,152,552,111,147,32,5,36,103,27,4,72,87,0,5,7,0.266,0.355,0.538,0.893,"$9,400,000"
281,467092,Wilson,Ramos,Y,Wilson Ramos,DET,C,34,35,120,12,24,5,0,6,13,0,0,6,29,0,0,0,0.2,0.238,0.392,0.63,"$1,000,000"
282,592663,J.T.,Realmuto,Y,J.T. Realmuto,PHI,C,30,134,476,64,125,25,4,17,73,13,3,48,129,0,2,11,0.263,0.343,0.439,0.782,"$20,000,000"
283,543685,Anthony,Rendon,Y,Anthony Rendon,LAA,3B,31,58,217,24,52,13,0,6,34,0,0,29,41,0,2,1,0.24,0.329,0.382,0.711,"$28,071,428"
284,592669,Hunter,Renfroe,Y,Hunter Renfroe,BOS,OF,29,144,521,89,135,33,0,31,96,1,2,44,130,0,6,1,0.259,0.315,0.501,0.816,"$3,700,000"
285,650859,Luis,Rengifo,Y,Luis Rengifo,LAA,2B,24,54,174,22,35,1,0,6,18,1,0,9,38,3,2,2,0.201,0.246,0.31,0.556,"$570,500"
286,614177,Franmil,Reyes,Y,Franmil Reyes,CLE,DH,26,115,418,57,106,18,2,30,85,4,1,43,149,0,3,2,0.254,0.324,0.522,0.846,"$602,400"
287,622682,Victor,Reyes,Y,Victor Reyes,DET,OF,27,76,209,26,54,10,4,5,22,5,1,8,55,2,1,0,0.258,0.284,0.416,0.7,"$587,100"
288,668804,Bryan,Reynolds,Y,Bryan Reynolds,PIT,OF,26,159,559,93,169,35,8,24,90,5,2,75,119,0,4,8,0.302,0.39,0.522,0.912,"$601,000"
289,663586,Austin,Riley,Y,Austin Riley,ATL,3B,24,160,590,91,179,33,1,33,107,0,1,52,168,0,8,12,0.303,0.367,0.531,0.898,"$590,500"
290,621458,Edwin,Rios,Y,Edwin Rios,LAD,3B,27,25,51,4,4,0,0,1,1,0,0,7,18,0,0,2,0.078,0.217,0.137,0.354,"$590,500"
291,519203,Anthony,Rizzo,Y,Anthony Rizzo,NYY,1B,32,49,173,32,43,7,0,8,21,2,0,16,28,0,2,9,0.249,0.34,0.428,0.768,"$16,500,000"
292,673357,Luis,Robert,Y,Luis Robert,CWS,OF,24,68,275,42,93,22,1,13,43,6,1,14,61,0,2,5,0.338,0.378,0.567,0.945,"$3,500,000"
293,663898,Brendan,Rodgers,Y,Brendan Rodgers,COL,2B,25,102,387,49,110,21,3,15,51,0,0,19,84,0,2,7,0.284,0.328,0.47,0.798,"$575,500"
294,668670,Jake,Rogers,Y,Jake Rogers,DET,C,26,38,113,17,27,5,3,6,17,1,0,11,46,3,0,0,0.239,0.306,0.496,0.802,"$570,500"
295,668942,Josh,Rojas,Y,Josh Rojas,ARI,2B,27,139,484,69,128,32,3,11,44,9,4,58,137,1,3,0,0.264,0.341,0.411,0.752,"$582,400"
296,500743,Miguel,Rojas,Y,Miguel Rojas,MIA,SS,32,132,495,66,131,30,3,9,48,13,3,37,74,1,1,5,0.265,0.322,0.392,0.714,"$5,000,000"
297,519222,Austin,Romine,Y,Austin Romine,CHC,C,32,28,60,5,13,2,0,1,5,0,0,2,22,0,0,0,0.217,0.242,0.3,0.542,"$2,000,000"
298,602922,Jose,Rondon,Y,Jose Rondon,STL,2B,27,63,80,13,21,3,0,3,9,2,0,8,17,0,2,0,0.263,0.322,0.413,0.735,"$570,500"
299,667670,Brent,Rooker,Y,Brent Rooker,MIN,OF,26,58,189,25,38,10,0,9,16,0,0,15,70,0,0,9,0.201,0.291,0.397,0.688,"$570,500"
300,642708,Amed,Rosario,Y,Amed Rosario,CLE,SS,25,141,550,77,155,25,6,11,57,13,0,31,120,0,4,3,0.282,0.321,0.409,0.73,"$2,400,000"
301,592696,Eddie,Rosario,Y,Eddie Rosario,ATL,OF,30,33,96,13,26,4,2,7,16,2,1,9,14,0,1,0,0.271,0.33,0.573,0.903,"$8,000,000"
302,573131,Darin,Ruf,Y,Darin Ruf,SF,OF,35,117,262,41,71,13,2,16,43,2,0,46,87,0,1,3,0.271,0.385,0.519,0.904,"$1,275,000"
303,660688,Keibert,Ruiz,Y,Keibert Ruiz,WAS,C,23,23,81,9,23,3,0,2,14,0,0,6,4,0,0,2,0.284,0.348,0.395,0.743,"$570,500"
304,596142,Gary,Sanchez,Y,Gary Sanchez,NYY,C,28,117,383,54,78,13,1,23,54,0,0,52,121,0,0,5,0.204,0.307,0.423,0.73,"$6,350,000"
305,660821,Jesus,Sanchez,Y,Jesus Sanchez,MIA,OF,24,64,227,27,57,8,2,14,36,0,1,20,78,0,1,3,0.251,0.319,0.489,0.808,"$575,000"
306,593934,Miguel,Sano,Y,Miguel Sano,MIN,1B,28,135,470,68,105,24,0,30,75,2,1,59,183,0,1,2,0.223,0.312,0.466,0.778,"$11,000,000"
307,623993,Anthony,Santander,Y,Anthony Santander,BAL,OF,26,110,406,54,98,24,0,18,50,1,1,23,101,1,4,4,0.241,0.286,0.433,0.719,"$2,100,000"
308,467793,Carlos,Santana,Y,Carlos Santana,KC,1B,35,158,565,66,121,15,0,19,69,2,0,86,102,0,5,3,0.214,0.319,0.342,0.661,"$7,250,000"
309,570731,Jonathan,Schoop,Y,Jonathan Schoop,DET,2B,30,156,623,85,173,30,1,22,84,2,0,37,133,0,8,6,0.278,0.32,0.435,0.755,"$4,500,000"
310,621011,Max,Schrock,Y,Max Schrock,CIN,2B,27,53,125,19,36,7,2,3,14,1,1,8,24,0,1,0,0.288,0.328,0.448,0.776,"$570,500"
311,656941,Kyle,Schwarber,Y,Kyle Schwarber,BOS,OF,28,41,134,34,39,10,0,7,18,0,0,33,39,0,0,1,0.291,0.435,0.522,0.957,"$7,000,000"
312,608369,Corey,Seager,Y,Corey Seager,LAD,SS,27,95,353,54,108,22,3,16,57,1,1,48,66,0,3,5,0.306,0.394,0.521,0.915,"$13,750,000"
313,572122,Kyle,Seager,Y,Kyle Seager,SEA,3B,33,159,603,73,128,29,1,35,101,3,1,59,161,0,4,4,0.212,0.285,0.438,0.723,"$18,500,000"
314,516416,Jean,Segura,Y,Jean Segura,PHI,2B,31,131,514,76,149,27,3,14,58,9,3,39,78,1,4,9,0.29,0.348,0.436,0.784,"$14,850,000"
315,543760,Marcus,Semien,Y,Marcus Semien,TOR,SS,31,162,652,115,173,39,2,45,102,15,1,66,146,0,3,3,0.265,0.334,0.538,0.872,"$18,000,000"
316,669222,Nick,Senzel,Y,Nick Senzel,CIN,OF,26,36,111,18,28,4,0,1,8,2,5,12,16,0,1,0,0.252,0.323,0.315,0.638,"$580,500"
317,600474,Pedro,Severino,Y,Pedro Severino,BAL,C,28,113,379,32,94,18,0,11,46,0,0,34,109,0,5,1,0.248,0.308,0.383,0.691,"$1,825,000"
318,543768,Travis,Shaw,Y,Travis Shaw,MIL,3B,31,56,178,14,34,8,0,6,28,0,0,19,51,1,1,3,0.191,0.279,0.337,0.616,"$1,500,000"
319,642423,Magneuris,Sierra,Y,Magneuris Sierra,MIA,OF,25,123,209,27,48,6,1,0,5,11,0,15,50,1,0,0,0.23,0.281,0.268,0.549,"$571,375"
320,592743,Andrelton,Simmons,Y,Andrelton Simmons,MIN,SS,32,131,412,37,92,12,0,3,31,1,0,32,62,3,1,3,0.223,0.283,0.274,0.557,"$10,500,000"
321,596103,Austin,Slater,Y,Austin Slater,SF,OF,28,129,274,39,66,12,1,12,32,15,2,28,84,0,0,4,0.241,0.32,0.423,0.743,"$1,150,000"
322,642086,Dominic,Smith,Y,Dominic Smith,NYM,1B,26,145,446,43,109,20,0,11,58,2,1,32,112,0,6,9,0.244,0.304,0.363,0.667,"$2,550,000"
323,656976,Pavin,Smith,Y,Pavin Smith,ARI,1B,25,145,498,68,133,27,4,11,49,1,0,42,106,0,1,4,0.267,0.328,0.404,0.732,"$586,600"
324,669257,Will,Smith,Y,Will Smith,LAD,C,26,130,414,71,107,19,2,25,76,3,0,58,101,0,11,18,0.258,0.365,0.495,0.86,"$590,500"
325,669256,Nick,Solak,Y,Nick Solak,TEX,2B,26,127,458,57,111,18,2,11,49,7,5,34,107,2,2,15,0.242,0.314,0.362,0.676,"$586,000"
326,456781,Donovan,Solano,Y,Donovan Solano,SF,2B,33,101,307,35,86,17,0,7,31,2,0,25,58,1,4,7,0.28,0.344,0.404,0.748,"$3,250,000"
327,624585,Jorge,Soler,Y,Jorge Soler,ATL,OF,29,55,208,36,56,11,0,14,33,0,0,29,45,0,2,1,0.269,0.358,0.524,0.882,"$8,250,000"
328,624641,Edmundo,Sosa,Y,Edmundo Sosa,STL,2B,25,113,288,39,78,8,4,6,27,4,4,17,63,1,2,17,0.271,0.346,0.389,0.735,"$575,900"
329,665742,Juan,Soto,Y,Juan Soto,WAS,OF,22,151,502,111,157,20,2,29,95,9,7,145,93,0,5,2,0.313,0.465,0.534,0.999,"$8,500,000"
330,543807,George,Springer,Y,George Springer,TOR,OF,32,78,299,59,79,19,1,22,50,4,1,37,79,0,1,4,0.264,0.352,0.555,0.907,"$23,666,666"
331,607732,Jacob,Stallings,Y,Jacob Stallings,PIT,C,31,112,374,38,92,20,1,8,53,0,0,49,85,0,2,2,0.246,0.335,0.369,0.704,"$1,300,000"
332,519317,Giancarlo,Stanton,Y,Giancarlo Stanton,NYY,DH,31,139,510,64,139,19,0,35,97,0,0,63,157,0,3,3,0.273,0.354,0.516,0.87,"$29,000,000"
333,545358,Max,Stassi,Y,Max Stassi,LAA,C,30,87,282,45,68,11,1,13,35,0,0,28,101,0,1,8,0.241,0.326,0.426,0.752,"$1,600,000"
334,663886,Tyler,Stephenson,Y,Tyler Stephenson,CIN,C,25,132,350,56,100,21,0,10,45,0,0,41,75,0,5,6,0.286,0.366,0.431,0.797,"$570,500"
335,664057,Andrew,Stevenson,Y,Andrew Stevenson,WAS,OF,27,109,192,22,44,6,0,5,23,1,1,13,61,2,1,5,0.229,0.294,0.339,0.633,"$579,100"
336,596115,Trevor,Story,Y,Trevor Story,COL,SS,28,142,526,88,132,34,5,24,75,20,6,53,139,0,5,11,0.251,0.329,0.471,0.8,"$18,500,000"
337,664702,Myles,Straw,Y,Myles Straw,CLE,OF,26,60,239,42,68,16,0,2,14,13,1,29,50,0,0,0,0.285,0.362,0.377,0.739,"$590,400"
338,553993,Eugenio,Suarez,Y,Eugenio Suarez,CIN,3B,30,145,505,71,100,23,0,31,79,0,1,56,171,0,5,8,0.198,0.286,0.428,0.714,"$10,785,714"
339,435559,Kurt,Suzuki,Y,Kurt Suzuki,LAA,C,38,72,219,17,49,8,0,6,16,0,0,12,44,2,3,11,0.224,0.294,0.342,0.636,"$1,500,000"
340,621020,Dansby,Swanson,Y,Dansby Swanson,ATL,SS,27,160,588,78,146,33,2,27,88,9,3,52,167,1,7,5,0.248,0.311,0.449,0.76,"$6,000,000"
341,606132,Raimel,Tapia,Y,Raimel Tapia,COL,OF,27,133,487,69,133,26,2,6,50,20,6,40,70,1,4,1,0.273,0.327,0.372,0.699,"$1,950,000"
342,621035,Chris,Taylor,Y,Chris Taylor,LAD,2B,31,148,507,92,129,25,4,20,73,13,1,63,167,1,3,8,0.254,0.344,0.438,0.782,"$7,800,000"
343,572191,Michael,Taylor,Y,Michael Taylor,KC,OF,30,142,483,58,118,16,1,12,54,14,7,33,144,2,5,5,0.244,0.297,0.356,0.653,"$2,000,000"
344,621438,Tyrone,Taylor,Y,Tyrone Taylor,MIL,OF,27,93,243,33,60,9,3,12,43,6,1,20,59,0,1,7,0.247,0.321,0.457,0.778,"$570,500"
345,642133,Rowdy,Tellez,Y,Rowdy Tellez,TOR,1B,26,50,139,12,29,4,1,4,8,0,0,9,33,0,0,3,0.209,0.272,0.338,0.61,"$598,100"
346,657041,Lane,Thomas,Y,Lane Thomas,WAS,OF,26,45,178,33,48,14,2,7,27,4,2,27,46,0,1,0,0.27,0.364,0.489,0.853,"$570,500"
347,650402,Gleyber,Torres,Y,Gleyber Torres,NYY,SS,24,127,459,50,119,22,0,9,51,14,6,50,104,2,4,1,0.259,0.331,0.366,0.697,"$4,000,000"
348,620443,Luis,Torrens,Y,Luis Torrens,SEA,C,25,108,346,39,84,16,2,15,47,0,0,28,99,0,3,1,0.243,0.299,0.431,0.73,"$580,700"
349,591720,Ronald,Torreyes,Y,Ronald Torreyes,PHI,SS,29,112,318,30,77,10,1,7,41,2,1,19,41,5,1,1,0.242,0.286,0.346,0.632,"$800,000"
350,624431,Jose,Trevino,Y,Jose Trevino,TEX,C,28,89,285,23,68,14,0,5,30,1,1,12,57,2,3,0,0.239,0.267,0.34,0.607,"$584,000"
351,545361,Mike,Trout,Y,Mike Trout,LAA,OF,30,36,117,23,39,8,1,8,18,2,0,27,41,0,0,2,0.333,0.466,0.624,1.09,"$37,166,667"
352,657061,Cole,Tucker,Y,Cole Tucker,PIT,OF,25,43,117,15,26,4,2,2,12,2,2,13,33,0,1,0,0.222,0.298,0.342,0.64,"$570,500"
353,663656,Kyle,Tucker,Y,Kyle Tucker,HOU,OF,24,140,506,83,149,37,3,30,92,14,2,53,90,0,5,1,0.294,0.359,0.557,0.916,"$624,300"
354,457759,Justin,Turner,Y,Justin Turner,LAD,3B,36,151,533,87,148,22,0,27,87,3,0,61,98,0,6,12,0.278,0.361,0.471,0.832,"$12,000,000"
355,607208,Trea,Turner,Y,Trea Turner,LAD,SS,28,52,207,41,70,17,0,10,28,11,2,15,33,0,2,2,0.338,0.385,0.565,0.95,"$13,000,000"
356,457708,Justin,Upton,Y,Justin Upton,LAA,OF,34,90,318,47,67,12,0,17,41,4,1,39,107,0,3,1,0.211,0.296,0.409,0.705,"$23,000,000"
357,649966,Luis,Urias,Y,Luis Urias,MIL,SS,24,150,490,77,122,25,1,23,75,5,1,63,116,1,3,10,0.249,0.345,0.445,0.79,"$575,100"
358,642162,Pat,Valaika,Y,Pat Valaika,BAL,2B,29,91,259,17,52,8,0,5,25,1,1,16,76,1,3,2,0.201,0.25,0.29,0.54,"$875,000"
359,591971,Breyvic,Valera,Y,Breyvic Valera,TOR,2B,29,39,87,10,22,6,0,1,15,1,0,8,12,1,1,0,0.253,0.313,0.356,0.669,"$570,500"
360,642165,Josh,VanMeter,Y,Josh VanMeter,ARI,2B,26,112,274,26,58,17,2,6,36,3,2,33,83,0,2,1,0.212,0.297,0.354,0.651,"$583,400"
361,662139,Daulton,Varsho,Y,Daulton Varsho,ARI,C,25,95,284,41,70,17,2,11,38,6,0,30,67,1,0,0,0.246,0.318,0.437,0.755,"$570,500"
362,683734,Andrew,Vaughn,Y,Andrew Vaughn,CWS,1B,23,127,417,56,98,22,0,15,48,1,1,41,101,0,5,6,0.235,0.309,0.396,0.705,"$570,500"
363,543877,Christian,Vazquez,Y,Christian Vazquez,BOS,C,31,138,458,51,118,23,1,6,49,8,4,33,84,1,4,2,0.258,0.308,0.352,0.66,"$6,250,000"
364,623205,Andrew,Velazquez,Y,Andrew Velazquez,NYY,SS,27,28,67,11,15,4,1,1,6,4,1,1,23,0,0,0,0.224,0.235,0.358,0.593,"$570,500"
365,657077,Alex,Verdugo,Y,Alex Verdugo,BOS,OF,25,146,544,88,157,32,2,13,63,6,2,51,96,0,5,4,0.289,0.351,0.426,0.777,"$649,500"
366,542340,Jonathan,Villar,Y,Jonathan Villar,NYM,2B,30,142,454,63,113,18,2,18,42,14,7,46,132,2,0,3,0.249,0.322,0.416,0.738,"$3,550,000"
367,519390,Stephen,Vogt,Y,Stephen Vogt,ATL,C,36,26,78,7,13,0,0,2,8,0,0,8,20,0,1,0,0.167,0.241,0.244,0.485,"$3,500,000"
368,572228,Luke,Voit,Y,Luke Voit,NYY,1B,30,68,213,26,51,7,1,11,35,0,0,21,74,0,0,7,0.239,0.328,0.437,0.765,"$4,700,000"
369,458015,Joey,Votto,Y,Joey Votto,CIN,1B,38,129,448,73,119,23,1,36,99,1,0,77,127,0,4,4,0.266,0.375,0.563,0.938,"$25,000,000"
370,664774,LaMonte,Wade,Y,LaMonte Wade,SF,OF,27,109,336,52,85,17,3,18,56,6,1,33,89,4,3,5,0.253,0.326,0.482,0.808,"$570,500"
371,642180,Tyler,Wade,Y,Tyler Wade,NYY,2B,26,103,127,31,34,5,1,0,5,17,6,16,37,0,0,1,0.268,0.354,0.323,0.677,"$603,000"
372,572233,Christian,Walker,Y,Christian Walker,ARI,1B,30,115,401,55,98,23,1,10,46,0,0,38,106,0,2,4,0.244,0.315,0.382,0.697,"$619,300"
373,665120,Jared,Walsh,Y,Jared Walsh,LAA,1B,28,144,530,70,147,34,1,29,98,2,1,48,152,0,3,4,0.277,0.34,0.509,0.849,"$590,500"
374,621493,Taylor,Ward,Y,Taylor Ward,LAA,OF,27,65,208,33,52,15,0,8,33,1,1,20,55,2,1,6,0.25,0.332,0.438,0.77,"$590,500"
375,657108,Evan,White,Y,Evan White,SEA,1B,25,30,97,8,14,3,0,2,9,0,0,6,31,0,0,1,0.144,0.202,0.237,0.439,"$1,300,000"
376,642211,Justin,Williams,Y,Justin Williams,STL,OF,26,51,119,10,19,0,0,4,11,0,1,17,46,0,0,1,0.16,0.27,0.261,0.531,"$125,000"
377,608385,Jesse,Winker,Y,Jesse Winker,CIN,OF,28,110,423,77,129,32,1,24,71,1,0,53,75,0,0,9,0.305,0.394,0.556,0.95,"$3,150,000"
378,621550,Patrick,Wisdom,Y,Patrick Wisdom,CHC,1B,30,106,338,54,78,13,0,28,61,4,1,32,153,0,0,4,0.231,0.305,0.518,0.823,"$570,500"
379,543939,Kolten,Wong,Y,Kolten Wong,MIL,2B,31,116,445,70,121,32,2,14,50,12,5,31,83,0,3,13,0.272,0.335,0.447,0.782,"$7,500,000"
380,642851,Austin,Wynns,Y,Austin Wynns,BAL,C,30,45,130,14,24,4,0,4,14,1,0,8,31,1,0,0,0.185,0.232,0.308,0.54,"$570,500"
381,573262,Mike,Yastrzemski,Y,Mike Yastrzemski,SF,OF,31,139,468,75,105,28,3,25,71,4,0,51,131,1,3,9,0.224,0.311,0.457,0.768,"$600,000"
382,592885,Christian,Yelich,Y,Christian Yelich,MIL,OF,29,117,399,70,99,19,2,9,51,9,3,70,113,0,3,3,0.248,0.362,0.373,0.735,"$14,000,000"
383,605548,Bradley,Zimmer,Y,Bradley Zimmer,CLE,OF,28,99,299,44,68,9,1,8,35,15,3,30,122,0,4,15,0.227,0.325,0.344,0.669,"$576,700"
384,475582,Ryan,Zimmerman,Y,Ryan Zimmerman,WAS,1B,37,110,255,27,62,16,0,14,46,0,0,16,77,0,2,0,0.243,0.286,0.471,0.757,"$1,000,000"
385,572287,Mike,Zunino,Y,Mike Zunino,TB,C,30,109,333,64,72,11,2,33,62,0,0,34,132,0,1,7,0.216,0.301,0.559,0.86,"$2,000,000"
386,628450,Yadiel,Hernandez,Y,Yadiel Hernandez,WAS,OF,34,112,264,33,72,8,1,9,32,3,0,22,59,0,2,1,0.273,0.329,0.413,0.742,"$572,600"
387,650559,Bryan,De La Cruz,Y,Bryan De La Cruz,MIA,OF,24,58,199,17,59,7,2,5,19,1,1,18,53,0,1,1,0.296,0.356,0.427,0.783,"$570,500"
388,628451,Andy,Ibanez,Y,Andy Ibanez,TEX,2B,28,76,253,31,70,15,2,7,25,0,0,15,35,1,1,2,0.277,0.321,0.435,0.756,"$570,500"
389,602104,Ramon,Urias,Y,Ramon Urias,BAL,2B,27,85,262,33,73,14,0,7,38,1,2,28,76,0,0,6,0.279,0.361,0.412,0.773,"$571,500"
390,660634,Yonny,Hernandez,Y,Yonny Hernandez,TEX,2B,23,43,143,15,31,5,0,0,6,11,2,17,32,1,1,4,0.217,0.315,0.252,0.567,"$570,500"
391,676694,Jake,Meyers,Y,Jake Meyers,HOU,OF,25,49,146,22,38,8,0,6,28,3,0,10,50,2,1,4,0.26,0.323,0.438,0.761,"$570,500"
392,656537,Derek,Hill,Y,Derek Hill,DET,OF,25,49,139,19,36,3,3,3,14,6,3,10,42,0,0,1,0.259,0.313,0.388,0.701,"$570,500"
393,657757,Gavin,Sheets,Y,Gavin Sheets,CWS,OF,25,54,160,23,40,8,0,11,34,0,0,16,40,0,1,2,0.25,0.324,0.506,0.83,"$570,500"
394,642201,Eli,White,Y,Eli White,TEX,OF,27,64,198,26,35,6,1,6,15,4,3,18,66,0,0,4,0.177,0.259,0.308,0.567,"$572,500"
395,643524,Frank,Schwindel,Y,Frank Schwindel,CHC,1B,29,56,222,42,76,19,1,13,40,2,1,16,36,0,0,1,0.342,0.389,0.613,1.002,"$570,500"
