,playerID,yearID,teamID_x,lgID_x,G,AB,R,H,2B,3B,HR,RBI,BB,SO,AVG,OBP,SLG,OPS,salary
0,abreujo02,2015,CHA,AL,154,613,88,178,34,3,30,101.0,39,140.0,0.29,0.347,0.502,0.849,8666000
1,ackledu01,2015,SEA,AL,85,186,22,40,8,1,6,19.0,14,38.0,0.215,0.27,0.366,0.636,2600000
2,ackledu01,2015,NYA,AL,23,52,6,15,3,2,4,11.0,4,7.0,0.288,0.333,0.654,0.9870000000000001,2600000
3,adamsma01,2015,SLN,NL,60,175,14,42,9,0,5,24.0,10,41.0,0.24,0.28,0.377,0.657,534000
4,ahmedni01,2015,ARI,NL,134,421,49,95,17,6,9,34.0,29,81.0,0.226,0.275,0.359,0.634,508500
5,alonsyo01,2015,SDN,NL,103,354,50,100,18,1,5,31.0,42,48.0,0.282,0.361,0.381,0.742,1650000
6,altuvjo01,2015,HOU,AL,154,638,86,200,40,4,15,66.0,33,67.0,0.313,0.353,0.459,0.812,2500000
7,alvarpe01,2015,PIT,NL,150,437,60,106,18,0,27,77.0,48,131.0,0.243,0.318,0.469,0.7869999999999999,5750000
8,amarial01,2015,SDN,NL,118,324,28,66,10,4,3,30.0,24,55.0,0.204,0.257,0.287,0.544,1150000
9,andruel01,2015,TEX,AL,160,596,69,154,34,2,7,62.0,46,78.0,0.258,0.309,0.357,0.6659999999999999,15000000
10,aokino01,2015,SFN,NL,93,355,42,102,12,3,5,26.0,30,25.0,0.287,0.353,0.38,0.733,4000000
11,arciaos01,2015,MIN,AL,19,58,6,16,0,0,2,8.0,4,15.0,0.276,0.338,0.379,0.7170000000000001,532500
12,arenano01,2015,COL,NL,157,616,97,177,43,4,42,130.0,34,110.0,0.287,0.323,0.575,0.8979999999999999,512500
13,ariasjo01,2015,SFN,NL,40,58,5,12,1,0,1,4.0,0,12.0,0.207,0.207,0.276,0.483,1450000
14,arrieja01,2015,CHN,NL,33,79,5,12,1,1,2,2.0,1,45.0,0.152,0.162,0.266,0.42800000000000005,3630000
15,ascheco01,2015,PHI,NL,129,425,41,104,22,3,12,39.0,26,111.0,0.245,0.294,0.395,0.6890000000000001,517500
16,avilaal01,2015,DET,AL,67,178,21,34,5,0,4,13.0,40,66.0,0.191,0.339,0.287,0.626,5400000
17,avilemi01,2015,CLE,AL,98,290,37,67,10,0,5,17.0,20,38.0,0.231,0.282,0.317,0.599,3500000
18,aybarer01,2015,LAA,AL,156,597,74,161,30,1,3,44.0,25,73.0,0.27,0.301,0.338,0.639,8500000
19,bakerje03,2015,MIA,NL,41,72,11,15,3,0,3,8.0,8,25.0,0.208,0.288,0.375,0.663,2100000
20,barmecl01,2015,SDN,NL,98,207,24,48,14,1,3,16.0,10,55.0,0.232,0.281,0.353,0.634,1300000
21,bautijo02,2015,TOR,AL,153,543,108,136,29,3,40,114.0,110,106.0,0.25,0.377,0.536,0.913,14000000
22,beckhgo01,2015,CHA,AL,100,211,24,44,8,0,6,20.0,19,43.0,0.209,0.275,0.332,0.607,2000000
23,beckhti01,2015,TBA,AL,82,203,24,45,7,4,9,37.0,13,69.0,0.222,0.274,0.429,0.7030000000000001,508100
24,beltbr01,2015,SFN,NL,137,492,73,138,33,5,18,68.0,56,147.0,0.28,0.356,0.478,0.834,3600000
25,beltrad01,2015,TEX,AL,143,567,83,163,32,4,18,83.0,41,65.0,0.287,0.334,0.453,0.787,16000000
26,beltrca01,2015,NYA,AL,133,478,57,132,34,1,19,67.0,45,85.0,0.276,0.337,0.471,0.808,15000000
27,bethach01,2015,ATL,NL,48,155,16,31,8,0,2,12.0,5,33.0,0.2,0.225,0.29,0.515,507500
28,bettsmo01,2015,BOS,AL,145,597,92,174,42,8,18,77.0,46,82.0,0.291,0.341,0.479,0.8200000000000001,514500
29,blackch02,2015,COL,NL,157,614,93,176,31,9,17,58.0,46,112.0,0.287,0.347,0.45,0.7969999999999999,517500
30,blancan01,2015,PHI,NL,106,233,32,68,22,3,7,25.0,21,44.0,0.292,0.36,0.502,0.862,850000
31,blancgr01,2015,SFN,NL,115,327,59,95,19,3,5,26.0,40,59.0,0.291,0.368,0.413,0.7809999999999999,3600000
32,bloomwi01,2015,SEA,AL,35,69,2,11,1,0,0,4.0,2,13.0,0.159,0.194,0.174,0.368,3000000
33,boescbr01,2015,CIN,NL,51,89,4,13,2,0,1,5.0,4,30.0,0.146,0.191,0.202,0.393,1250000
34,bogaexa01,2015,BOS,AL,156,613,84,196,35,3,7,81.0,32,101.0,0.32,0.355,0.421,0.776,543000
35,bonifem01,2015,CHA,AL,47,78,5,13,2,0,0,4.0,2,27.0,0.167,0.198,0.192,0.39,3000000
36,bourgja01,2015,CIN,NL,68,196,28,47,5,2,3,14.0,14,33.0,0.24,0.294,0.332,0.626,522500
37,bourjpe01,2015,SLN,NL,117,195,32,39,8,3,4,13.0,19,59.0,0.2,0.29,0.333,0.623,1650000
38,bournmi01,2015,CLE,AL,95,289,29,71,12,1,0,19.0,29,76.0,0.246,0.313,0.294,0.607,13500000
39,bournmi01,2015,ATL,NL,46,136,10,30,3,1,0,11.0,17,31.0,0.221,0.303,0.257,0.56,13500000
40,bradlja02,2015,BOS,AL,74,221,43,55,17,4,10,43.0,27,69.0,0.249,0.335,0.498,0.833,528000
41,brantmi02,2015,CLE,AL,137,529,68,164,45,0,15,84.0,60,51.0,0.31,0.379,0.48,0.859,5875000
42,braunry02,2015,MIL,NL,140,506,87,144,27,3,25,84.0,54,115.0,0.285,0.356,0.498,0.854,13000000
43,browndo01,2015,PHI,NL,63,189,19,43,6,1,5,25.0,14,36.0,0.228,0.284,0.349,0.633,2600000
44,bruceja01,2015,CIN,NL,157,580,72,131,35,4,26,87.0,58,145.0,0.226,0.294,0.434,0.728,12000000
45,bumgama01,2015,SFN,NL,36,77,9,19,2,0,5,9.0,3,27.0,0.247,0.275,0.468,0.7430000000000001,6750000
46,buterdr01,2015,KCA,AL,45,86,6,17,3,0,1,5.0,6,24.0,0.198,0.266,0.267,0.533,987500
47,butlebi03,2015,OAK,AL,151,538,63,135,28,1,15,65.0,52,101.0,0.251,0.323,0.39,0.7130000000000001,6666000
48,byrdma01,2015,CIN,NL,96,359,46,85,13,3,19,42.0,23,101.0,0.237,0.286,0.448,0.734,8000000
49,byrdma01,2015,SFN,NL,39,147,12,40,12,2,4,31.0,6,44.0,0.272,0.301,0.463,0.764,8000000
50,cabreas01,2015,TBA,AL,143,505,66,134,28,5,15,58.0,36,107.0,0.265,0.315,0.43,0.745,7500000
51,cabreev01,2015,BAL,AL,29,96,7,20,2,0,0,4.0,5,22.0,0.208,0.25,0.229,0.479,2400000
52,cabreme01,2015,CHA,AL,158,629,70,172,36,2,12,77.0,40,88.0,0.273,0.314,0.394,0.708,13000000
53,cabremi01,2015,DET,AL,119,429,64,145,28,1,18,76.0,77,82.0,0.338,0.44,0.534,0.974,22000000
54,cainlo01,2015,KCA,AL,140,551,101,169,34,6,16,72.0,37,98.0,0.307,0.361,0.477,0.838,2725000
55,calhoko01,2015,LAA,AL,159,630,78,161,23,2,26,83.0,45,164.0,0.256,0.308,0.422,0.73,537500
56,callaal01,2015,ATL,NL,37,107,12,22,2,0,1,8.0,14,10.0,0.206,0.293,0.252,0.5449999999999999,3000000
57,callaal01,2015,LAN,NL,60,123,8,32,5,0,0,7.0,14,24.0,0.26,0.336,0.301,0.637,3000000
58,campber01,2015,NYN,NL,71,173,28,34,8,0,3,19.0,26,37.0,0.197,0.312,0.295,0.607,511065
59,canoro01,2015,SEA,AL,156,624,82,179,34,1,21,79.0,43,107.0,0.287,0.334,0.446,0.78,24000000
60,carpema01,2015,SLN,NL,154,574,101,156,44,3,28,84.0,81,151.0,0.272,0.365,0.505,0.87,3750000
61,cartech02,2015,HOU,AL,129,391,50,78,17,0,24,64.0,57,151.0,0.199,0.307,0.427,0.734,4175000
62,cashnan01,2015,SDN,NL,38,60,2,5,0,0,0,1.0,1,24.0,0.083,0.098,0.083,0.181,4050000
63,casteni01,2015,DET,AL,154,549,42,140,33,6,15,73.0,39,152.0,0.255,0.303,0.419,0.722,525000
64,castiru01,2015,BOS,AL,80,273,35,69,10,2,5,29.0,13,54.0,0.253,0.288,0.359,0.647,11271000
65,castiwe01,2015,ARI,NL,80,274,34,70,13,1,17,50.0,21,75.0,0.255,0.317,0.496,0.813,2100000
66,castrja01,2015,HOU,AL,104,337,38,71,19,0,11,31.0,33,115.0,0.211,0.283,0.365,0.6479999999999999,4000000
67,castrst01,2015,CHN,NL,151,547,52,145,23,2,11,69.0,21,91.0,0.265,0.296,0.375,0.671,6857143
68,cervefr01,2015,PIT,NL,130,451,56,133,17,5,7,43.0,46,94.0,0.295,0.37,0.401,0.771,987500
69,cespeyo01,2015,DET,AL,102,403,62,118,28,2,18,61.0,19,87.0,0.293,0.323,0.506,0.829,10500000
70,cespeyo01,2015,NYN,NL,57,230,39,66,14,4,17,44.0,14,54.0,0.287,0.337,0.604,0.9410000000000001,10500000
71,chiriro01,2015,TEX,AL,78,233,33,54,16,1,10,34.0,28,62.0,0.232,0.325,0.438,0.763,518290
72,chiselo01,2015,CLE,AL,106,333,38,82,19,1,7,44.0,23,69.0,0.246,0.294,0.372,0.6659999999999999,2250000
73,choosh01,2015,TEX,AL,149,555,94,153,32,3,22,82.0,76,147.0,0.276,0.375,0.463,0.8380000000000001,14000000
74,clevest01,2015,BAL,AL,30,101,11,29,4,2,2,15.0,4,13.0,0.287,0.314,0.426,0.74,514000
75,coghlch01,2015,CHN,NL,148,440,64,110,25,6,16,41.0,58,94.0,0.25,0.341,0.443,0.784,2505000
76,colege01,2015,PIT,NL,33,60,5,9,0,0,0,2.0,2,28.0,0.15,0.177,0.15,0.32699999999999996,531000
77,colonba01,2015,NYN,NL,33,58,2,8,1,0,0,4.0,0,24.0,0.138,0.15,0.155,0.305,11000000
78,colonch01,2015,KCA,AL,43,107,8,31,5,0,0,6.0,11,17.0,0.29,0.356,0.336,0.692,509525
79,congeha01,2015,HOU,AL,73,201,25,46,11,0,11,33.0,23,63.0,0.229,0.311,0.448,0.759,1075000
80,corpoca01,2015,TEX,AL,33,107,10,19,4,0,3,15.0,6,40.0,0.178,0.244,0.299,0.5429999999999999,975000
81,cowgico01,2015,LAA,AL,55,69,10,13,2,1,1,2.0,4,19.0,0.188,0.233,0.29,0.523,995000
82,cozarza01,2015,CIN,NL,53,194,28,50,10,1,9,28.0,14,29.0,0.258,0.31,0.459,0.769,2350000
83,craigal01,2015,BOS,AL,36,79,6,12,1,0,1,3.0,7,26.0,0.152,0.239,0.203,0.442,5500000
84,crawfbr01,2015,SFN,NL,143,507,65,130,33,4,21,84.0,39,119.0,0.256,0.321,0.462,0.783,3175000
85,crawfca02,2015,LAN,NL,69,181,19,48,9,2,4,16.0,10,41.0,0.265,0.304,0.403,0.7070000000000001,21357000
86,crispco01,2015,OAK,AL,44,126,11,22,6,0,0,6.0,13,25.0,0.175,0.252,0.222,0.474,11000000
87,croncj01,2015,LAA,AL,113,378,37,99,17,1,16,51.0,17,82.0,0.262,0.3,0.439,0.739,512500
88,cruzne02,2015,SEA,AL,152,590,90,178,22,1,44,93.0,59,164.0,0.302,0.369,0.566,0.9349999999999999,14250000
89,cruzto03,2015,SLN,NL,69,142,6,29,7,1,2,11.0,6,32.0,0.204,0.235,0.31,0.5449999999999999,775000
90,cuddymi01,2015,NYN,NL,117,379,44,98,18,1,10,41.0,24,88.0,0.259,0.309,0.391,0.7,8500000
91,cunnito01,2015,ATL,NL,39,86,13,19,4,0,0,4.0,5,17.0,0.221,0.28,0.267,0.547,507500
92,darnatr01,2015,NYN,NL,67,239,31,64,14,1,12,41.0,23,49.0,0.268,0.34,0.485,0.825,525424
93,davisch02,2015,BAL,AL,160,573,100,150,31,0,47,117.0,84,208.0,0.262,0.361,0.562,0.923,12000000
94,davisik02,2015,OAK,AL,74,214,19,49,17,0,3,20.0,23,44.0,0.229,0.301,0.35,0.651,3800000
95,daviskh01,2015,MIL,NL,121,392,54,97,16,2,27,66.0,44,122.0,0.247,0.323,0.505,0.8280000000000001,519500
96,davisra01,2015,DET,AL,112,341,55,88,16,11,8,30.0,22,76.0,0.258,0.306,0.44,0.746,5000000
97,deazaal01,2015,BAL,AL,30,103,16,22,4,1,3,7.0,7,34.0,0.214,0.277,0.359,0.636,5000000
98,deazaal01,2015,BOS,AL,60,161,23,47,9,5,4,25.0,12,36.0,0.292,0.347,0.484,0.831,5000000
99,deazaal01,2015,SFN,NL,24,61,12,16,4,1,0,3.0,12,14.0,0.262,0.387,0.361,0.748,5000000
100,degroja01,2015,NYN,NL,31,59,3,11,1,0,0,4.0,3,16.0,0.186,0.226,0.203,0.42900000000000005,556875
101,dejesda01,2015,TBA,AL,82,232,24,60,8,2,5,26.0,19,39.0,0.259,0.323,0.375,0.698,5000000
102,dejesda01,2015,LAA,AL,30,56,3,7,1,0,0,4.0,2,13.0,0.125,0.183,0.143,0.32599999999999996,5000000
103,delarru01,2015,ARI,NL,32,64,3,6,0,0,0,2.0,0,25.0,0.094,0.094,0.094,0.188,516000
104,dendema01,2015,WAS,NL,55,99,12,25,6,1,5,12.0,9,20.0,0.253,0.315,0.485,0.8,512972
105,denorch01,2015,CHN,NL,103,212,18,57,11,1,3,18.0,15,56.0,0.269,0.319,0.373,0.692,2600000
106,descada01,2015,COL,NL,101,185,22,38,3,2,5,22.0,20,45.0,0.205,0.283,0.324,0.607,1500000
107,desclan01,2015,CIN,NL,31,58,1,9,1,0,0,3.0,3,33.0,0.155,0.194,0.172,0.366,507500
108,desmoia01,2015,WAS,NL,156,583,69,136,27,2,19,62.0,45,187.0,0.233,0.29,0.384,0.6739999999999999,11000000
109,dickeco01,2015,COL,NL,65,224,30,68,18,2,10,31.0,10,56.0,0.304,0.333,0.536,0.869,512500
110,donaljo02,2015,TOR,AL,158,620,122,184,41,2,41,123.0,73,133.0,0.297,0.371,0.568,0.939,4300000
111,doziebr01,2015,MIN,AL,157,628,101,148,39,4,28,77.0,61,148.0,0.236,0.307,0.444,0.751,2000000
112,drewst01,2015,NYA,AL,131,383,43,77,16,1,17,44.0,37,71.0,0.201,0.271,0.381,0.652,5000000
113,dudalu01,2015,NYN,NL,135,471,67,115,33,0,27,73.0,66,138.0,0.244,0.352,0.486,0.838,4200000
114,duffyma01,2015,SFN,NL,149,573,77,169,28,6,12,77.0,30,96.0,0.295,0.334,0.428,0.762,509000
115,dysonja01,2015,KCA,AL,90,200,31,50,8,6,2,18.0,14,37.0,0.25,0.311,0.38,0.6910000000000001,1225000
116,eatonad02,2015,CHA,AL,153,610,98,175,28,9,14,56.0,58,131.0,0.287,0.361,0.431,0.792,850000
117,ellisaj01,2015,LAN,NL,63,181,24,43,9,0,7,21.0,32,38.0,0.238,0.355,0.403,0.758,4250000
118,ellsbja01,2015,NYA,AL,111,452,66,116,15,2,7,33.0,35,86.0,0.257,0.318,0.345,0.663,21142857
119,encared01,2015,TOR,AL,146,528,94,146,31,0,39,111.0,77,98.0,0.277,0.372,0.557,0.929,10000000
120,escobal02,2015,KCA,AL,148,612,76,157,20,5,3,47.0,26,75.0,0.257,0.293,0.32,0.613,3000000
121,escobed01,2015,MIN,AL,127,409,48,107,31,4,12,58.0,28,86.0,0.262,0.309,0.445,0.754,532500
122,escobyu01,2015,WAS,NL,139,535,75,168,25,1,9,56.0,45,70.0,0.314,0.375,0.415,0.79,5000000
123,espinda01,2015,WAS,NL,118,367,59,88,21,1,13,37.0,33,106.0,0.24,0.311,0.409,0.72,1800000
124,ethiean01,2015,LAN,NL,142,395,54,116,20,7,14,53.0,43,75.0,0.294,0.366,0.486,0.852,18000000
125,fieldpr01,2015,TEX,AL,158,613,78,187,28,0,23,98.0,64,88.0,0.305,0.378,0.463,0.841,24000000
126,flahery01,2015,BAL,AL,91,267,34,54,8,3,9,31.0,26,81.0,0.202,0.281,0.356,0.637,1075000
127,florewi01,2015,NYN,NL,137,483,55,127,22,0,16,59.0,19,63.0,0.263,0.295,0.408,0.703,513543
128,flowety01,2015,CHA,AL,112,331,21,79,12,0,9,39.0,21,104.0,0.239,0.295,0.356,0.651,2675000
129,forsylo01,2015,TBA,AL,153,540,69,152,33,2,17,68.0,55,111.0,0.281,0.359,0.444,0.8029999999999999,1100000
130,fowlede01,2015,CHN,NL,156,596,102,149,29,8,17,46.0,84,154.0,0.25,0.346,0.411,0.7569999999999999,9500000
131,francje02,2015,PHI,NL,119,326,34,84,16,1,13,45.0,13,77.0,0.258,0.286,0.433,0.719,950000
132,frankni01,2015,TBA,AL,44,101,11,16,4,1,3,7.0,7,37.0,0.158,0.213,0.307,0.52,1021800
133,frazito01,2015,CIN,NL,157,619,82,158,43,1,35,89.0,44,137.0,0.255,0.309,0.498,0.8069999999999999,4500000
134,freemfr01,2015,ATL,NL,118,416,62,115,27,0,18,66.0,56,98.0,0.276,0.37,0.471,0.841,8500000
135,freesda01,2015,LAA,AL,121,424,53,109,27,0,14,56.0,31,107.0,0.257,0.323,0.42,0.743,6425000
136,fuldsa01,2015,OAK,AL,120,290,34,57,16,3,2,22.0,30,55.0,0.197,0.276,0.293,0.569,1750000
137,galvifr01,2015,PHI,NL,151,559,63,147,14,5,7,50.0,30,103.0,0.263,0.302,0.343,0.645,513500
138,garciav01,2015,CHA,AL,148,553,66,142,17,2,13,59.0,36,141.0,0.257,0.309,0.365,0.6739999999999999,523000
139,gardnbr01,2015,NYA,AL,151,571,94,148,26,3,16,66.0,68,135.0,0.259,0.343,0.399,0.742,12500000
140,gattiev01,2015,HOU,AL,153,566,66,139,20,11,27,88.0,30,119.0,0.246,0.285,0.463,0.748,526500
141,gennesc01,2015,MIL,NL,114,375,42,99,18,4,6,29.0,12,68.0,0.264,0.294,0.381,0.675,516500
142,giavojo01,2015,LAA,AL,129,453,51,123,25,5,4,49.0,32,59.0,0.272,0.318,0.375,0.6930000000000001,516250
143,gillaco01,2015,CHA,AL,58,173,10,41,11,1,3,15.0,9,34.0,0.237,0.276,0.364,0.64,550000
144,gillaco01,2015,LAA,AL,17,64,4,13,4,1,1,9.0,4,13.0,0.203,0.25,0.344,0.594,550000
145,goinsry01,2015,TOR,AL,128,376,52,94,16,4,5,45.0,39,83.0,0.25,0.318,0.354,0.6719999999999999,512800
146,goldspa01,2015,ARI,NL,159,567,103,182,38,2,33,110.0,118,151.0,0.321,0.435,0.57,1.005,3100000
147,gomesjo01,2015,ATL,NL,83,195,27,43,7,0,7,22.0,28,67.0,0.221,0.325,0.364,0.6890000000000001,4000000
148,gomesya01,2015,CLE,AL,95,363,38,84,22,0,12,45.0,13,104.0,0.231,0.267,0.391,0.658,1000000
149,gomezca01,2015,MIL,NL,74,286,42,75,20,1,8,43.0,23,70.0,0.262,0.328,0.423,0.751,8000000
150,gomezca01,2015,HOU,AL,41,149,19,36,9,0,4,13.0,8,31.0,0.242,0.288,0.383,0.671,8000000
151,gomezhe01,2015,MIL,NL,66,127,15,23,11,2,1,7.0,3,40.0,0.181,0.212,0.323,0.535,507500
152,gonzaad01,2015,LAN,NL,156,571,76,157,33,0,28,90.0,62,107.0,0.275,0.35,0.48,0.83,21857000
153,gonzaca01,2015,COL,NL,153,554,87,150,25,2,40,97.0,46,133.0,0.271,0.325,0.54,0.865,16000000
154,gonzama01,2015,HOU,AL,120,344,44,96,18,1,12,34.0,16,74.0,0.279,0.317,0.442,0.759,1062500
155,gordoal01,2015,KCA,AL,104,354,40,96,18,0,13,48.0,49,92.0,0.271,0.377,0.432,0.8089999999999999,12500000
156,gordode01,2015,MIA,NL,145,615,88,205,24,8,4,46.0,25,91.0,0.333,0.359,0.418,0.7769999999999999,2500000
157,gosean01,2015,DET,AL,140,485,73,123,24,8,5,26.0,45,145.0,0.254,0.321,0.367,0.688,515000
158,gosewtu01,2015,ARI,NL,38,128,9,27,6,0,1,13.0,8,23.0,0.211,0.261,0.281,0.542,514500
159,gosseph01,2015,ARI,NL,24,66,17,20,5,1,3,13.0,7,11.0,0.303,0.382,0.545,0.927,507500
160,grandcu01,2015,NYN,NL,157,580,98,150,33,2,26,70.0,91,151.0,0.259,0.364,0.457,0.821,16000000
161,grandya01,2015,LAN,NL,115,355,43,83,12,0,16,47.0,65,92.0,0.234,0.353,0.403,0.756,693000
162,gregodi01,2015,NYA,AL,155,525,57,139,24,2,9,56.0,33,85.0,0.265,0.318,0.37,0.688,553900
163,greinza01,2015,LAN,NL,32,67,8,15,2,0,2,3.0,1,14.0,0.224,0.232,0.343,0.5750000000000001,25000000
164,grichra01,2015,SLN,NL,103,323,49,89,23,7,17,47.0,22,110.0,0.276,0.329,0.548,0.877,510000
165,guerral01,2015,LAN,NL,106,219,25,51,9,1,11,36.0,7,57.0,0.233,0.261,0.434,0.6950000000000001,6500000
166,guyerbr01,2015,TBA,AL,128,332,51,88,21,2,8,28.0,25,61.0,0.265,0.359,0.413,0.772,515800
167,gyorkje01,2015,SDN,NL,128,421,34,104,15,0,16,57.0,27,107.0,0.247,0.297,0.397,0.694,2000000
168,hamilbi02,2015,CIN,NL,114,412,56,93,8,3,4,28.0,28,75.0,0.226,0.274,0.289,0.563,545000
169,hamiljo03,2015,TEX,AL,50,170,22,43,8,0,8,25.0,10,52.0,0.253,0.291,0.441,0.732,22708749
170,hammeja01,2015,CHN,NL,32,65,6,11,1,0,0,4.0,1,18.0,0.169,0.179,0.185,0.364,9000000
171,hanigry01,2015,BOS,AL,54,174,28,43,8,0,2,16.0,20,39.0,0.247,0.337,0.328,0.665,3500000
172,hardyjj01,2015,BAL,AL,114,411,45,90,14,0,8,37.0,20,88.0,0.219,0.253,0.311,0.5640000000000001,11500000
173,harpebr03,2015,WAS,NL,153,521,118,172,38,1,42,99.0,124,131.0,0.33,0.46,0.649,1.109,2500000
174,harrijo05,2015,PIT,NL,114,418,57,120,29,1,4,28.0,19,71.0,0.287,0.327,0.39,0.7170000000000001,3050000
175,hartco01,2015,PIT,NL,35,54,3,12,1,0,2,9.0,1,19.0,0.222,0.246,0.352,0.598,2500000
176,harvema01,2015,NYN,NL,29,65,1,7,2,0,1,7.0,0,31.0,0.108,0.108,0.185,0.293,614125
177,headlch01,2015,NYA,AL,156,580,74,150,29,1,11,62.0,51,135.0,0.259,0.324,0.369,0.6930000000000001,13000000
178,hechaad01,2015,MIA,NL,130,470,54,132,17,6,5,48.0,23,78.0,0.281,0.315,0.374,0.6890000000000001,1925000
179,heisech01,2015,LAN,NL,33,55,8,10,2,0,2,9.0,15,17.0,0.182,0.347,0.327,0.6739999999999999,2160000
180,hendrky01,2015,CHN,NL,32,60,2,3,1,0,0,1.0,1,24.0,0.05,0.066,0.067,0.133,510000
181,hernace02,2015,PHI,NL,127,405,57,110,20,4,1,35.0,40,86.0,0.272,0.339,0.348,0.687,510000
182,herrejo03,2015,CHN,NL,73,126,14,29,5,1,2,14.0,2,23.0,0.23,0.242,0.333,0.575,900000
183,herrmch01,2015,MIN,AL,45,103,13,15,5,1,2,10.0,7,37.0,0.146,0.214,0.272,0.486,510000
184,heywaja01,2015,SLN,NL,154,547,79,160,33,4,13,60.0,56,90.0,0.293,0.359,0.439,0.798,7800000
185,hillaa01,2015,ARI,NL,116,313,32,72,18,0,6,39.0,31,54.0,0.23,0.295,0.345,0.6399999999999999,12000000
186,hollima01,2015,SLN,NL,73,229,24,64,16,1,4,35.0,39,49.0,0.279,0.394,0.41,0.804,17000000
187,holtbr01,2015,BOS,AL,129,454,56,127,27,6,2,45.0,46,97.0,0.28,0.349,0.379,0.728,530500
188,hosmeer01,2015,KCA,AL,158,599,98,178,33,5,18,93.0,61,108.0,0.297,0.363,0.459,0.8220000000000001,5650000
189,howarry01,2015,PHI,NL,129,467,53,107,29,1,23,77.0,27,138.0,0.229,0.277,0.443,0.72,25000000
190,hundlni01,2015,COL,NL,103,366,45,110,21,5,10,43.0,21,76.0,0.301,0.339,0.467,0.806,3100000
191,hunteto01,2015,MIN,AL,139,521,67,125,22,0,22,81.0,35,105.0,0.24,0.293,0.409,0.702,10500000
192,iannech01,2015,LAA,AL,92,272,28,51,10,0,10,34.0,41,83.0,0.188,0.293,0.335,0.628,5525000
193,iglesjo01,2015,DET,AL,120,416,44,125,17,3,2,23.0,25,44.0,0.3,0.347,0.37,0.717,1443750
194,inciaen01,2015,ARI,NL,132,524,73,159,27,5,6,45.0,26,58.0,0.303,0.338,0.408,0.746,513000
195,infanom01,2015,KCA,AL,124,440,39,97,23,7,2,44.0,9,69.0,0.22,0.234,0.318,0.552,7500000
196,ishiktr01,2015,PIT,NL,38,58,5,13,3,0,1,8.0,8,17.0,0.224,0.318,0.328,0.646,1100000
197,jacksau01,2015,SEA,AL,107,419,46,114,18,3,8,38.0,24,107.0,0.272,0.312,0.387,0.6990000000000001,7700000
198,jacksau01,2015,CHN,NL,29,72,10,17,7,0,1,10.0,5,19.0,0.236,0.304,0.375,0.679,7700000
199,jasojo01,2015,TBA,AL,70,185,23,53,17,0,5,22.0,28,39.0,0.286,0.38,0.459,0.839,3175000
200,jayjo02,2015,SLN,NL,79,210,25,44,5,1,1,10.0,19,36.0,0.21,0.306,0.257,0.563,4125000
201,jennide01,2015,TBA,AL,28,97,9,26,2,1,1,7.0,8,17.0,0.268,0.324,0.34,0.664,3100000
202,johnsch05,2015,ATL,NL,56,153,12,36,7,0,2,11.0,7,49.0,0.235,0.272,0.32,0.5920000000000001,6000000
203,johnsch05,2015,CLE,AL,27,90,6,26,4,0,1,7.0,3,25.0,0.289,0.312,0.367,0.679,6000000
204,johnske05,2015,ATL,NL,62,182,20,50,5,0,9,34.0,13,43.0,0.275,0.321,0.451,0.772,1500000
205,johnske05,2015,NYN,NL,49,128,18,32,6,0,5,13.0,10,38.0,0.25,0.304,0.414,0.718,1500000
206,jonesad01,2015,BAL,AL,137,546,74,147,25,3,27,82.0,24,102.0,0.269,0.308,0.474,0.782,13333333
207,jonesga02,2015,NYA,AL,57,144,12,31,4,1,5,17.0,8,37.0,0.215,0.257,0.361,0.618,5000000
208,josepca01,2015,BAL,AL,100,320,38,75,16,1,11,49.0,27,72.0,0.234,0.299,0.394,0.6930000000000001,515000
209,joycema01,2015,LAA,AL,93,247,17,43,12,1,5,21.0,30,67.0,0.174,0.272,0.291,0.563,4750000
210,kangju01,2015,PIT,NL,126,421,60,121,24,2,15,58.0,28,99.0,0.287,0.355,0.461,0.8160000000000001,2500000
211,kempma01,2015,SDN,NL,154,596,80,158,31,3,23,100.0,39,147.0,0.265,0.312,0.443,0.755,21250000
212,kendrho01,2015,LAN,NL,117,464,64,137,22,2,9,54.0,27,82.0,0.295,0.336,0.409,0.745,9500000
213,kershcl01,2015,LAN,NL,34,71,2,9,2,0,0,2.0,2,23.0,0.127,0.162,0.155,0.317,32571000
214,kiermke01,2015,TBA,AL,151,505,62,133,25,12,10,40.0,24,95.0,0.263,0.298,0.42,0.718,513800
215,kinslia01,2015,DET,AL,154,624,94,185,35,7,11,73.0,43,80.0,0.296,0.342,0.428,0.77,16000000
216,kipnija01,2015,CLE,AL,141,565,86,171,43,7,9,52.0,57,107.0,0.303,0.372,0.451,0.823,4166666
217,kozmape01,2015,SLN,NL,76,99,15,15,0,0,0,2.0,10,21.0,0.152,0.236,0.152,0.388,522000
218,lackejo01,2015,SLN,NL,33,62,0,7,2,0,0,3.0,4,24.0,0.113,0.167,0.145,0.312,507500
219,lagarju01,2015,NYN,NL,143,441,47,114,16,5,6,41.0,16,87.0,0.259,0.289,0.358,0.647,528696
220,lambja01,2015,ARI,NL,107,350,38,92,15,5,6,34.0,36,97.0,0.263,0.331,0.386,0.7170000000000001,508500
221,larocad01,2015,CHA,AL,127,429,41,89,21,0,12,44.0,49,133.0,0.207,0.293,0.34,0.633,12000000
222,lasteto01,2015,CHN,NL,33,67,4,18,6,0,1,11.0,5,7.0,0.269,0.324,0.403,0.7270000000000001,513000
223,lawribr01,2015,OAK,AL,149,562,64,146,29,3,16,60.0,28,144.0,0.26,0.299,0.407,0.706,1925000
224,leakemi01,2015,CIN,NL,25,52,3,7,3,0,1,5.0,0,25.0,0.135,0.135,0.25,0.385,9775000
225,lemahdj01,2015,COL,NL,150,564,85,170,21,5,6,61.0,50,107.0,0.301,0.358,0.388,0.746,517500
226,leonsa01,2015,BOS,AL,41,114,8,21,2,0,0,3.0,7,28.0,0.184,0.238,0.202,0.44,510400
227,lestejo01,2015,CHN,NL,32,62,6,4,0,0,0,0.0,3,30.0,0.065,0.108,0.065,0.173,20000000
228,lindad01,2015,MIL,NL,149,502,72,139,32,0,20,87.0,66,100.0,0.277,0.36,0.46,0.8200000000000001,7500000
229,liriafr01,2015,PIT,NL,31,65,4,11,2,0,1,7.0,0,28.0,0.169,0.169,0.246,0.41500000000000004,11666666
230,lobatjo01,2015,WAS,NL,44,136,11,27,4,0,3,20.0,15,40.0,0.199,0.279,0.294,0.573,1200000
231,loneyja01,2015,TBA,AL,104,361,25,101,16,0,4,32.0,23,34.0,0.28,0.322,0.357,0.679,8666666
232,longoev01,2015,TBA,AL,160,604,74,163,35,1,21,73.0,51,132.0,0.27,0.328,0.435,0.763,11000000
233,loughda01,2015,BAL,AL,84,134,14,27,1,1,4,12.0,5,36.0,0.201,0.241,0.313,0.554,525500
234,lowrije01,2015,HOU,AL,69,230,35,51,14,0,9,30.0,28,43.0,0.222,0.312,0.4,0.712,8000000
235,lucrojo01,2015,MIL,NL,103,371,51,98,20,3,7,43.0,36,64.0,0.264,0.326,0.391,0.7170000000000001,3000000
236,machama01,2015,BAL,AL,162,633,102,181,30,1,35,86.0,70,111.0,0.286,0.359,0.502,0.861,548000
237,maldoma01,2015,MIL,NL,79,229,19,48,7,0,4,22.0,23,65.0,0.21,0.282,0.293,0.575,825000
238,marisja01,2015,HOU,AL,133,339,46,80,15,4,9,36.0,18,105.0,0.236,0.281,0.383,0.664,511200
239,markani01,2015,ATL,NL,156,612,73,181,38,1,3,53.0,70,83.0,0.296,0.37,0.376,0.746,11000000
240,martest01,2015,PIT,NL,153,579,84,166,30,2,19,81.0,27,123.0,0.287,0.337,0.444,0.781,1333333
241,martica04,2015,SLN,NL,32,56,2,8,2,0,0,0.0,1,23.0,0.143,0.172,0.179,0.351,520000
242,martijd02,2015,DET,AL,158,596,93,168,33,2,38,102.0,53,178.0,0.282,0.344,0.535,0.879,3000000
243,martile01,2015,TEX,AL,95,288,26,63,12,0,5,25.0,16,69.0,0.219,0.264,0.312,0.5760000000000001,4750000
244,martiru01,2015,TOR,AL,129,441,76,106,23,2,23,77.0,53,106.0,0.24,0.329,0.458,0.787,7000000
245,martivi01,2015,DET,AL,120,440,39,108,20,0,11,64.0,31,52.0,0.245,0.301,0.366,0.667,14000000
246,mathije01,2015,MIA,NL,32,93,9,15,4,1,2,12.0,7,24.0,0.161,0.214,0.29,0.504,1500000
247,mauerjo01,2015,MIN,AL,158,592,69,157,34,2,10,66.0,67,112.0,0.265,0.338,0.38,0.718,23000000
248,maxweju01,2015,SFN,NL,100,249,26,52,8,2,7,26.0,20,76.0,0.209,0.275,0.341,0.6160000000000001,1000000
249,maybejo02,2015,NYN,NL,59,110,8,18,6,1,3,9.0,9,33.0,0.164,0.227,0.318,0.545,1450000
250,maybica01,2015,ATL,NL,141,505,65,135,18,2,10,59.0,45,102.0,0.267,0.327,0.37,0.6970000000000001,7000000
251,mccanbr01,2015,NYA,AL,135,465,68,108,15,1,26,94.0,52,97.0,0.232,0.32,0.437,0.757,17000000
252,mccanja02,2015,DET,AL,114,401,32,106,18,5,7,41.0,16,90.0,0.264,0.297,0.387,0.6839999999999999,507500
253,mccutan01,2015,PIT,NL,157,566,91,165,36,3,23,96.0,98,133.0,0.292,0.401,0.488,0.889,10000000
254,mcgehca01,2015,SFN,NL,49,127,7,27,5,0,2,11.0,11,28.0,0.213,0.275,0.299,0.5740000000000001,4800000
255,mcgehca01,2015,MIA,NL,60,110,7,20,7,0,0,9.0,10,22.0,0.182,0.25,0.245,0.495,4800000
256,mckenmi01,2015,COL,NL,58,127,20,26,7,3,4,17.0,22,41.0,0.205,0.329,0.402,0.7310000000000001,1087600
257,mercejo03,2015,PIT,NL,116,394,34,96,21,0,3,34.0,27,73.0,0.244,0.293,0.32,0.613,538000
258,middlwi01,2015,SDN,NL,83,255,23,54,7,2,9,29.0,11,60.0,0.212,0.241,0.361,0.602,540500
259,millebr02,2015,SEA,AL,144,438,44,113,22,4,11,46.0,47,101.0,0.258,0.329,0.402,0.7310000000000001,527600
260,millesh01,2015,ATL,NL,33,56,1,3,2,0,0,0.0,4,29.0,0.054,0.117,0.089,0.20600000000000002,535000
261,molinya01,2015,SLN,NL,136,488,34,132,23,2,4,61.0,32,59.0,0.27,0.31,0.35,0.6599999999999999,15000000
262,montemi01,2015,CHN,NL,113,347,36,86,11,0,15,53.0,49,103.0,0.248,0.345,0.409,0.754,12000000
263,moorety01,2015,WAS,NL,97,187,14,38,12,0,6,27.0,11,45.0,0.203,0.25,0.364,0.614,518200
264,moralke01,2015,KCA,AL,158,569,81,165,41,2,22,106.0,58,103.0,0.29,0.362,0.485,0.847,6500000
265,morelmi01,2015,TEX,AL,132,471,51,131,27,0,23,85.0,32,112.0,0.278,0.33,0.482,0.812,2950000
266,morneju01,2015,COL,NL,49,168,19,52,10,3,3,15.0,13,25.0,0.31,0.363,0.458,0.821,6750000
267,morrilo01,2015,SEA,AL,146,457,47,103,15,3,17,54.0,47,81.0,0.225,0.302,0.383,0.685,2725000
268,mossbr01,2015,CLE,AL,94,337,36,73,17,1,15,50.0,32,106.0,0.217,0.288,0.407,0.695,6500000
269,mossbr01,2015,SLN,NL,51,132,11,33,7,1,4,8.0,17,42.0,0.25,0.344,0.409,0.7529999999999999,6500000
270,moustmi01,2015,KCA,AL,147,549,73,156,34,1,22,82.0,43,76.0,0.284,0.348,0.47,0.818,2640000
271,murphda07,2015,CLE,AL,84,206,22,61,12,1,5,27.0,16,29.0,0.296,0.344,0.437,0.7809999999999999,6000000
272,murphda07,2015,LAA,AL,48,155,16,41,6,0,5,23.0,4,20.0,0.265,0.281,0.4,0.681,6000000
273,murphda08,2015,NYN,NL,130,499,56,140,38,2,14,73.0,31,38.0,0.281,0.322,0.449,0.771,8000000
274,murphjr01,2015,NYA,AL,67,155,21,43,9,1,3,14.0,12,43.0,0.277,0.327,0.406,0.7330000000000001,518700
275,myerswi01,2015,SDN,NL,60,225,40,57,13,1,8,29.0,27,55.0,0.253,0.336,0.427,0.763,519800
276,napolmi01,2015,BOS,AL,98,329,37,68,18,1,13,40.0,45,99.0,0.207,0.307,0.386,0.6930000000000001,16000000
277,napolmi01,2015,TEX,AL,35,78,9,23,2,0,5,10.0,12,19.0,0.295,0.396,0.513,0.909,16000000
278,navada01,2015,BOS,AL,29,66,6,10,2,0,0,7.0,8,17.0,0.152,0.26,0.182,0.442,1850000
279,navada01,2015,TBA,AL,31,73,7,17,2,0,1,3.0,12,19.0,0.233,0.364,0.301,0.665,1850000
280,navardi01,2015,TOR,AL,54,171,17,42,7,0,5,20.0,17,29.0,0.246,0.307,0.374,0.681,5000000
281,navaref01,2015,LAA,AL,54,83,9,21,4,0,0,5.0,5,16.0,0.253,0.295,0.301,0.596,511000
282,negrokr01,2015,CIN,NL,43,93,5,13,2,0,0,2.0,9,23.0,0.14,0.238,0.161,0.399,512500
283,nelsoji02,2015,MIL,NL,30,55,1,6,1,0,0,2.0,1,34.0,0.109,0.125,0.127,0.252,511500
284,niesejo01,2015,NYN,NL,33,52,5,9,1,0,0,4.0,5,18.0,0.173,0.246,0.192,0.438,7000000
285,nieuwki01,2015,NYN,NL,37,68,14,19,7,0,4,11.0,6,23.0,0.279,0.364,0.559,0.923,525415
286,norride01,2015,SDN,NL,147,515,65,129,33,2,14,62.0,35,131.0,0.25,0.305,0.404,0.7090000000000001,545000
287,nunezed02,2015,MIN,AL,72,188,23,53,14,1,4,20.0,12,29.0,0.282,0.327,0.431,0.758,1025000
288,odorro01,2015,TEX,AL,120,426,54,111,21,9,16,61.0,23,79.0,0.261,0.316,0.465,0.781,513850
289,oltmi01,2015,CHA,AL,24,79,6,16,0,0,3,4.0,7,29.0,0.203,0.267,0.316,0.583,520000
290,ortizda01,2015,BOS,AL,146,528,73,144,37,0,37,108.0,77,95.0,0.273,0.36,0.553,0.913,16000000
291,owingch01,2015,ARI,NL,147,515,59,117,27,5,4,43.0,26,144.0,0.227,0.264,0.322,0.5860000000000001,512500
292,ozunama01,2015,MIA,NL,123,459,47,119,27,0,10,44.0,30,110.0,0.259,0.308,0.383,0.6910000000000001,545000
293,pachejo01,2015,ARI,NL,29,66,8,16,0,0,2,8.0,9,14.0,0.242,0.333,0.333,0.666,900000
294,paganan01,2015,SFN,NL,133,512,55,134,21,3,3,37.0,32,93.0,0.262,0.303,0.332,0.635,10250000
295,panikjo01,2015,SFN,NL,100,382,59,119,27,2,8,37.0,38,42.0,0.312,0.378,0.455,0.833,522500
296,paredji01,2015,BAL,AL,104,363,46,100,17,2,10,42.0,19,111.0,0.275,0.31,0.416,0.726,515000
297,parrage01,2015,MIL,NL,100,323,53,106,24,5,9,31.0,20,57.0,0.328,0.369,0.517,0.886,6237500
298,parrage01,2015,BAL,AL,55,224,30,53,12,0,5,20.0,8,35.0,0.237,0.268,0.357,0.625,6237500
299,pearcst01,2015,BAL,AL,92,294,42,64,13,1,15,40.0,23,69.0,0.218,0.289,0.422,0.711,3700000
300,pederjo01,2015,LAN,NL,151,480,67,101,19,1,26,54.0,92,170.0,0.21,0.346,0.417,0.7629999999999999,510000
301,pedrodu01,2015,BOS,AL,93,381,46,111,19,1,12,42.0,38,51.0,0.291,0.356,0.441,0.7969999999999999,12500000
302,penabr01,2015,CIN,NL,108,333,17,91,17,0,0,18.0,29,34.0,0.273,0.334,0.324,0.658,1400000
303,pencehu01,2015,SFN,NL,52,207,30,57,13,1,9,40.0,16,48.0,0.275,0.327,0.478,0.8049999999999999,18500000
304,pennicl01,2015,ARI,NL,72,135,15,32,3,0,1,10.0,16,29.0,0.237,0.314,0.281,0.595,3275000
305,pennicl01,2015,TOR,AL,33,75,9,12,3,0,2,11.0,11,20.0,0.16,0.27,0.28,0.55,3275000
306,peralda01,2015,ARI,NL,149,462,61,144,26,10,17,78.0,44,107.0,0.312,0.371,0.522,0.893,1024000
307,peraljh01,2015,SLN,NL,155,579,64,159,26,1,17,71.0,50,111.0,0.275,0.334,0.411,0.745,15000000
308,perezhe01,2015,MIL,NL,90,230,13,62,15,2,1,21.0,4,48.0,0.27,0.281,0.365,0.646,508500
309,perezro02,2015,CLE,AL,70,184,30,42,9,1,7,21.0,33,64.0,0.228,0.348,0.402,0.75,508600
310,perezsa02,2015,KCA,AL,142,531,52,138,25,0,21,70.0,13,82.0,0.26,0.28,0.426,0.706,1750000
311,peterja01,2015,ATL,NL,152,528,55,126,23,5,6,52.0,56,120.0,0.239,0.314,0.335,0.649,507500
312,phegljo01,2015,OAK,AL,73,225,27,56,16,1,9,34.0,14,51.0,0.249,0.3,0.449,0.749,510000
313,phillbr01,2015,CIN,NL,148,588,69,173,19,2,12,70.0,27,68.0,0.294,0.328,0.395,0.7230000000000001,12000000
314,pierzaj01,2015,ATL,NL,113,407,38,122,24,1,9,49.0,19,37.0,0.3,0.339,0.43,0.769,2000000
315,pillake01,2015,TOR,AL,159,586,76,163,31,2,12,56.0,28,85.0,0.278,0.314,0.399,0.7130000000000001,512000
316,pireljo01,2015,NYA,AL,37,74,7,17,3,0,1,5.0,2,16.0,0.23,0.247,0.311,0.558,510000
317,plouftr01,2015,MIN,AL,152,573,74,140,35,4,22,86.0,50,124.0,0.244,0.307,0.435,0.742,4800000
318,polangr01,2015,PIT,NL,153,593,83,152,35,6,9,52.0,55,121.0,0.256,0.32,0.381,0.7010000000000001,525000
319,polloaj01,2015,ARI,NL,157,609,111,192,39,6,20,76.0,53,89.0,0.315,0.367,0.498,0.865,519500
320,pompeda01,2015,TOR,AL,34,94,17,21,8,0,2,6.0,7,23.0,0.223,0.291,0.372,0.663,508500
321,poseybu01,2015,SFN,NL,150,557,74,177,28,0,19,95.0,56,52.0,0.318,0.379,0.47,0.849,16500000
322,pradoma01,2015,MIA,NL,129,500,52,144,22,2,9,63.0,37,68.0,0.288,0.338,0.394,0.732,11000000
323,puigya01,2015,LAN,NL,79,282,30,72,12,3,11,38.0,26,66.0,0.255,0.322,0.436,0.758,6214000
324,pujolal01,2015,LAA,AL,157,602,85,147,22,0,40,95.0,50,72.0,0.244,0.307,0.48,0.7869999999999999,24000000
325,raburry01,2015,CLE,AL,82,173,22,52,16,1,8,29.0,23,44.0,0.301,0.393,0.543,0.936,2500000
326,ramiral03,2015,CHA,AL,154,583,54,145,33,0,10,62.0,31,68.0,0.249,0.285,0.357,0.6419999999999999,10000000
327,ramirar01,2015,MIL,NL,81,279,25,69,18,0,11,42.0,16,42.0,0.247,0.295,0.43,0.725,14000000
328,ramirar01,2015,PIT,NL,56,196,18,48,13,1,6,33.0,15,26.0,0.245,0.299,0.413,0.712,14000000
329,ramirha01,2015,BOS,AL,105,401,59,100,12,1,19,53.0,21,71.0,0.249,0.291,0.426,0.717,19750000
330,ramirjo01,2015,CLE,AL,97,315,50,69,14,3,6,27.0,32,39.0,0.219,0.291,0.34,0.631,511300
331,ramoswi01,2015,WAS,NL,128,475,41,109,16,0,15,68.0,21,101.0,0.229,0.258,0.358,0.616,3550000
332,rasmuco01,2015,HOU,AL,137,432,67,103,23,2,25,61.0,47,154.0,0.238,0.314,0.475,0.7889999999999999,8000000
333,reckean01,2015,NYN,NL,32,80,6,10,1,0,2,5.0,11,35.0,0.125,0.239,0.212,0.45099999999999996,517880
334,reddijo01,2015,OAK,AL,149,526,67,143,25,4,20,77.0,49,65.0,0.272,0.333,0.449,0.782,4100000
335,rendoan01,2015,WAS,NL,80,311,43,82,16,0,5,25.0,36,70.0,0.264,0.344,0.363,0.707,2500000
336,reverbe01,2015,PHI,NL,96,366,49,109,13,6,1,26.0,19,36.0,0.298,0.334,0.374,0.708,4100000
337,reverbe01,2015,TOR,AL,56,226,35,72,9,1,1,19.0,13,28.0,0.319,0.354,0.381,0.735,4100000
338,reyesjo01,2015,TOR,AL,69,288,36,82,17,0,4,34.0,17,38.0,0.285,0.322,0.385,0.7070000000000001,22000000
339,reyesjo01,2015,COL,NL,47,193,21,50,8,2,3,19.0,9,24.0,0.259,0.291,0.368,0.659,22000000
340,reynoma01,2015,SLN,NL,140,382,35,88,21,2,13,48.0,44,121.0,0.23,0.315,0.398,0.7130000000000001,2000000
341,riosal01,2015,KCA,AL,105,385,40,98,22,2,4,32.0,15,67.0,0.255,0.287,0.353,0.6399999999999999,11000000
342,riverre01,2015,TBA,AL,110,298,16,53,14,0,5,26.0,11,86.0,0.178,0.213,0.275,0.488,1200000
343,rizzoan01,2015,CHN,NL,160,586,94,163,38,3,31,101.0,78,105.0,0.278,0.387,0.512,0.899,5000000
344,roberda09,2015,LAA,AL,37,75,10,21,2,0,0,7.0,2,7.0,0.28,0.299,0.307,0.606,511250
345,robincl01,2015,WAS,NL,126,309,44,84,15,1,10,34.0,37,52.0,0.272,0.358,0.424,0.782,525000
346,robinsh01,2015,MIN,AL,83,180,28,45,7,3,0,16.0,12,29.0,0.25,0.299,0.322,0.621,550000
347,rodrial01,2015,NYA,AL,151,523,83,131,22,1,33,86.0,84,145.0,0.25,0.356,0.486,0.842,22000000
348,rodrise01,2015,PIT,NL,139,224,25,55,12,1,4,17.0,5,63.0,0.246,0.281,0.362,0.643,1900000
349,rogerja02,2015,MIL,NL,86,152,22,45,6,2,4,16.0,15,34.0,0.296,0.367,0.441,0.808,507500
350,rolliji01,2015,LAN,NL,144,517,71,116,24,3,13,41.0,44,86.0,0.224,0.285,0.358,0.643,11000000
351,rominan01,2015,DET,AL,109,184,25,47,5,0,2,15.0,11,46.0,0.255,0.307,0.315,0.622,520000
352,rosalad01,2015,TEX,AL,55,114,14,26,4,0,3,7.0,10,30.0,0.228,0.296,0.342,0.638,900000
353,rosarwi01,2015,COL,NL,87,231,22,62,14,1,6,29.0,8,56.0,0.268,0.295,0.416,0.711,2800000
354,rossda01,2015,CHN,NL,72,159,6,28,9,0,1,9.0,20,61.0,0.176,0.267,0.252,0.519,2500000
355,rossty01,2015,SDN,NL,34,56,6,14,1,1,1,6.0,2,19.0,0.25,0.283,0.357,0.6399999999999999,5250000
356,ruary01,2015,TEX,AL,28,83,10,16,5,0,4,7.0,3,32.0,0.193,0.221,0.398,0.619,508500
357,rufda01,2015,PHI,NL,106,268,30,63,12,0,12,39.0,21,69.0,0.235,0.3,0.414,0.714,515000
358,ruggiju01,2015,SEA,AL,36,70,8,15,4,0,2,3.0,11,27.0,0.214,0.321,0.357,0.6779999999999999,2505000
359,ruggiju01,2015,LAN,NL,21,55,12,16,4,1,4,12.0,3,14.0,0.291,0.35,0.618,0.968,2505000
360,ruizca01,2015,PHI,NL,86,284,23,60,13,1,2,22.0,28,43.0,0.211,0.29,0.285,0.575,8500000
361,ruppca01,2015,PHI,NL,81,270,24,63,9,1,9,28.0,24,71.0,0.233,0.301,0.374,0.675,508000
362,ryanbr01,2015,NYA,AL,47,96,10,22,6,2,0,8.0,5,29.0,0.229,0.275,0.333,0.6080000000000001,2000000
363,sanchca01,2015,CHA,AL,120,389,40,87,23,1,5,31.0,19,81.0,0.224,0.268,0.326,0.5940000000000001,510000
364,sanchhe01,2015,SFN,NL,28,56,5,10,4,0,1,5.0,2,14.0,0.179,0.207,0.304,0.511,800000
365,sandopa01,2015,BOS,AL,126,470,43,115,25,1,10,47.0,25,73.0,0.245,0.292,0.366,0.6579999999999999,17600000
366,santaca01,2015,CLE,AL,154,550,72,127,29,2,19,85.0,108,122.0,0.231,0.357,0.395,0.752,6000000
367,santada01,2015,MIN,AL,91,261,30,56,10,5,0,21.0,6,68.0,0.215,0.241,0.291,0.532,530000
368,schafjo02,2015,MIN,AL,27,69,9,15,3,0,0,5.0,3,23.0,0.217,0.25,0.261,0.511,1550000
369,schaflo01,2015,MIL,NL,69,122,17,27,6,1,1,6.0,12,29.0,0.221,0.299,0.311,0.61,510500
370,scherma01,2015,WAS,NL,34,69,4,15,0,0,0,0.0,2,23.0,0.217,0.239,0.217,0.45599999999999996,17142000
371,schoojo01,2015,BAL,AL,86,305,34,85,17,0,15,39.0,9,79.0,0.279,0.306,0.482,0.788,515000
372,schumsk01,2015,CIN,NL,131,244,23,59,20,0,1,21.0,23,51.0,0.242,0.306,0.336,0.642,2500000
373,seageky01,2015,SEA,AL,161,623,85,166,37,0,26,74.0,54,98.0,0.266,0.328,0.451,0.779,4500000
374,segurje01,2015,MIL,NL,142,560,57,144,16,5,6,50.0,13,93.0,0.257,0.281,0.336,0.617,534000
375,semiema01,2015,OAK,AL,155,556,65,143,23,7,15,45.0,42,132.0,0.257,0.31,0.405,0.7150000000000001,510000
376,shielja02,2015,SDN,NL,36,68,7,9,2,0,0,2.0,1,28.0,0.132,0.145,0.162,0.307,10000000
377,shuckja01,2015,CHA,AL,79,143,15,38,8,2,0,15.0,16,16.0,0.266,0.34,0.35,0.69,516000
378,simmoan01,2015,ATL,NL,147,535,60,142,23,2,4,44.0,39,48.0,0.265,0.321,0.338,0.659,3000000
379,sizemgr01,2015,PHI,NL,39,98,4,24,5,0,0,6.0,6,23.0,0.245,0.288,0.296,0.584,2000000
380,sizemgr01,2015,TBA,AL,58,175,20,45,12,0,6,27.0,14,37.0,0.257,0.318,0.429,0.747,2000000
381,smithse01,2015,SEA,AL,136,395,54,98,31,5,12,42.0,47,99.0,0.248,0.33,0.443,0.773,6000000
382,smoakju01,2015,TOR,AL,132,296,44,67,16,1,18,59.0,29,86.0,0.226,0.299,0.47,0.7689999999999999,1000000
383,smolija01,2015,TEX,AL,35,60,12,8,1,0,1,6.0,11,20.0,0.133,0.27,0.2,0.47000000000000003,508500
384,smolija01,2015,OAK,AL,41,106,12,24,6,2,5,20.0,8,19.0,0.226,0.288,0.462,0.75,508500
385,snidetr01,2015,BAL,AL,69,211,23,50,9,2,3,20.0,23,56.0,0.237,0.318,0.341,0.659,2100000
386,sogarer01,2015,OAK,AL,120,372,40,92,12,3,1,37.0,23,50.0,0.247,0.294,0.304,0.598,1075000
387,solando01,2015,MIA,NL,55,90,6,17,3,1,0,7.0,1,18.0,0.189,0.215,0.244,0.45899999999999996,531500
388,solarya01,2015,SDN,NL,152,526,63,142,33,4,14,63.0,34,56.0,0.27,0.32,0.428,0.748,516400
389,solerjo01,2015,CHN,NL,101,366,39,96,18,1,10,47.0,32,121.0,0.262,0.324,0.399,0.7230000000000001,2666667
390,sotoge01,2015,CHA,AL,78,187,20,41,8,0,9,21.0,21,63.0,0.219,0.301,0.406,0.7070000000000001,1500000
391,souzast01,2015,TBA,AL,110,373,59,84,15,1,16,40.0,46,144.0,0.225,0.318,0.399,0.7170000000000001,508700
392,spande01,2015,WAS,NL,61,246,38,74,17,0,5,22.0,25,26.0,0.301,0.365,0.431,0.796,9000000
393,spangco01,2015,SDN,NL,108,303,38,82,17,5,4,21.0,28,75.0,0.271,0.333,0.399,0.732,508500
394,springe01,2015,HOU,AL,102,388,59,107,19,2,16,41.0,50,109.0,0.276,0.367,0.459,0.8260000000000001,512900
395,stantmi03,2015,MIA,NL,74,279,47,74,12,1,27,67.0,34,95.0,0.265,0.346,0.606,0.952,6500000
396,stewach01,2015,PIT,NL,58,159,9,46,8,0,0,15.0,6,29.0,0.289,0.32,0.34,0.66,1225000
397,stubbdr01,2015,COL,NL,51,102,14,22,3,2,5,10.0,9,50.0,0.216,0.286,0.431,0.717,5825000
398,sucreje01,2015,SEA,AL,52,127,9,20,6,0,1,7.0,6,21.0,0.157,0.195,0.228,0.42300000000000004,509300
399,suzukic01,2015,MIA,NL,153,398,45,91,5,6,1,21.0,31,51.0,0.229,0.282,0.279,0.5609999999999999,2000000
400,suzukku01,2015,MIN,AL,131,433,36,104,17,0,5,50.0,29,59.0,0.24,0.296,0.314,0.61,6000000
401,swishni01,2015,CLE,AL,30,101,6,20,4,0,2,8.0,8,24.0,0.198,0.261,0.297,0.558,15000000
402,swishni01,2015,ATL,NL,46,118,8,23,5,0,4,17.0,27,30.0,0.195,0.349,0.339,0.688,15000000
403,szczuma01,2015,CHN,NL,47,72,5,16,5,0,1,8.0,6,15.0,0.222,0.278,0.333,0.611,508500
404,tayloch03,2015,SEA,AL,37,94,9,16,3,1,0,1.0,6,31.0,0.17,0.22,0.223,0.443,512400
405,taylomi02,2015,WAS,NL,138,472,49,108,15,2,14,63.0,35,158.0,0.229,0.282,0.358,0.6399999999999999,508700
406,teherju01,2015,ATL,NL,33,52,0,5,0,0,0,2.0,2,9.0,0.096,0.13,0.096,0.226,1000000
407,teixema01,2015,NYA,AL,111,392,57,100,22,0,31,79.0,59,85.0,0.255,0.357,0.548,0.905,23125000
408,tejadru01,2015,NYN,NL,116,360,36,94,23,0,3,28.0,38,70.0,0.261,0.338,0.35,0.688,1880000
409,terdojo01,2015,ATL,NL,28,56,5,12,4,1,1,4.0,3,14.0,0.214,0.254,0.375,0.629,507500
410,tomasya01,2015,ARI,NL,118,406,40,111,19,3,9,48.0,17,110.0,0.273,0.305,0.401,0.706,5500000
411,troutmi01,2015,LAA,AL,159,575,104,172,32,6,41,90.0,92,158.0,0.299,0.402,0.59,0.992,6083000
412,trumbma01,2015,ARI,NL,46,174,23,45,10,3,9,23.0,10,39.0,0.259,0.299,0.506,0.8049999999999999,6900000
413,trumbma01,2015,SEA,AL,96,334,39,88,13,0,13,41.0,26,93.0,0.263,0.316,0.419,0.735,6900000
414,tulowtr01,2015,COL,NL,87,323,46,97,19,0,12,53.0,24,72.0,0.3,0.348,0.471,0.819,20000000
415,tulowtr01,2015,TOR,AL,41,163,31,39,8,0,5,17.0,14,42.0,0.239,0.317,0.38,0.6970000000000001,20000000
416,turneju01,2015,LAN,NL,126,385,55,113,26,1,16,60.0,36,71.0,0.294,0.37,0.491,0.861,2500000
417,ugglada01,2015,WAS,NL,67,120,12,22,4,2,2,16.0,19,40.0,0.183,0.298,0.3,0.598,507500
418,uptonbj01,2015,SDN,NL,87,205,23,53,12,4,5,17.0,21,62.0,0.259,0.327,0.429,0.756,14450000
419,uptonju01,2015,SDN,NL,150,542,85,136,26,3,26,81.0,68,159.0,0.251,0.336,0.454,0.79,14500000
420,uribeju01,2015,LAN,NL,29,81,6,20,2,0,1,6.0,5,9.0,0.247,0.287,0.309,0.596,6500000
421,uribeju01,2015,ATL,NL,46,151,17,43,6,0,7,17.0,15,37.0,0.285,0.353,0.464,0.817,6500000
422,uribeju01,2015,NYN,NL,44,128,17,28,9,0,6,20.0,14,34.0,0.219,0.301,0.43,0.731,6500000
423,utleych01,2015,PHI,NL,73,249,23,54,12,1,5,30.0,22,35.0,0.217,0.284,0.333,0.617,15000000
424,utleych01,2015,LAN,NL,34,124,14,25,9,1,3,9.0,10,29.0,0.202,0.291,0.363,0.6539999999999999,15000000
425,valbulu01,2015,HOU,AL,132,434,62,97,18,0,25,56.0,50,106.0,0.224,0.31,0.438,0.748,4200000
426,valenda01,2015,TOR,AL,58,162,26,48,13,0,7,29.0,9,40.0,0.296,0.331,0.506,0.837,1675000
427,valenda01,2015,OAK,AL,47,183,33,52,10,1,11,37.0,20,40.0,0.284,0.356,0.53,0.886,1675000
428,vanslsc01,2015,LAN,NL,96,222,19,53,14,0,6,30.0,23,62.0,0.239,0.317,0.383,0.7,522500
429,vargake01,2015,MIN,AL,58,175,18,42,4,0,5,17.0,9,54.0,0.24,0.277,0.349,0.626,517500
430,venabwi01,2015,SDN,NL,98,283,34,73,10,3,6,30.0,25,73.0,0.258,0.318,0.378,0.696,4250000
431,venabwi01,2015,TEX,AL,37,66,6,12,3,0,0,3.0,12,21.0,0.182,0.325,0.227,0.552,4250000
432,victosh01,2015,BOS,AL,33,94,10,23,2,0,1,4.0,9,14.0,0.245,0.324,0.298,0.622,13000000
433,victosh01,2015,LAA,AL,38,84,9,18,2,2,0,3.0,7,18.0,0.214,0.292,0.286,0.578,13000000
434,vogtst01,2015,OAK,AL,136,445,58,116,21,3,18,71.0,56,97.0,0.261,0.341,0.443,0.784,512500
435,vottojo01,2015,CIN,NL,158,545,95,171,33,2,29,80.0,143,135.0,0.314,0.459,0.541,1.0,14000000
436,wachami01,2015,SLN,NL,30,52,5,8,1,0,0,4.0,4,20.0,0.154,0.214,0.173,0.387,520000
437,walkene01,2015,PIT,NL,151,543,69,146,32,3,16,71.0,44,110.0,0.269,0.328,0.427,0.755,8000000
438,weeksri01,2015,SEA,AL,37,84,7,14,1,0,2,9.0,9,25.0,0.167,0.263,0.25,0.513,2000000
439,werthja01,2015,WAS,NL,88,331,51,73,16,1,12,42.0,38,84.0,0.221,0.302,0.384,0.6859999999999999,21000000
440,wietema01,2015,BAL,AL,75,258,24,69,14,1,8,25.0,21,67.0,0.267,0.319,0.422,0.741,8300000
441,wilsobo02,2015,TBA,AL,25,55,3,8,0,0,0,4.0,4,20.0,0.145,0.203,0.145,0.348,700000
442,wilsobo02,2015,TEX,AL,31,77,5,17,5,0,1,10.0,7,19.0,0.221,0.291,0.325,0.616,700000
443,wongko01,2015,SLN,NL,150,557,71,146,28,4,11,61.0,36,95.0,0.262,0.321,0.386,0.7070000000000001,520000
444,wrighda03,2015,NYN,NL,38,152,24,44,7,0,5,17.0,22,36.0,0.289,0.379,0.434,0.813,20000000
445,yelicch01,2015,MIA,NL,126,476,63,143,30,2,7,44.0,47,101.0,0.3,0.366,0.416,0.782,570000
446,youngch04,2015,NYA,AL,140,318,53,80,20,1,14,42.0,30,73.0,0.252,0.32,0.453,0.773,2500000
447,youngde03,2015,BAL,AL,52,174,20,47,6,0,2,16.0,4,29.0,0.27,0.289,0.339,0.628,2250000
448,younger03,2015,ATL,NL,35,77,7,13,4,2,0,5.0,6,17.0,0.169,0.229,0.273,0.502,1000000
449,zimmejo02,2015,WAS,NL,33,63,4,10,1,0,0,3.0,0,18.0,0.159,0.159,0.175,0.33399999999999996,16500000
450,zimmery01,2015,WAS,NL,95,346,43,86,25,1,16,73.0,33,79.0,0.249,0.308,0.465,0.773,14000000
451,zobribe01,2015,OAK,AL,67,235,39,63,20,2,6,33.0,33,26.0,0.268,0.354,0.447,0.8009999999999999,7500000
452,zobribe01,2015,KCA,AL,59,232,37,66,16,1,7,23.0,29,30.0,0.284,0.364,0.453,0.817,7500000
453,zuninmi01,2015,SEA,AL,112,350,28,61,11,0,11,28.0,21,132.0,0.174,0.23,0.3,0.53,523500
454,abreujo02,2016,CHA,AL,159,624,67,183,32,1,25,100.0,47,125.0,0.293,0.353,0.468,0.821,11666667
455,ackledu01,2016,NYA,AL,28,61,6,9,0,0,0,4.0,8,9.0,0.148,0.243,0.148,0.391,3200000
456,adamecr01,2016,COL,NL,121,225,25,49,7,3,2,17.0,24,47.0,0.218,0.304,0.302,0.606,509500
457,adamsma01,2016,SLN,NL,118,297,37,74,18,0,16,54.0,25,81.0,0.249,0.309,0.471,0.78,1650000
458,adriaeh01,2016,SFN,NL,40,63,3,16,2,0,2,7.0,2,13.0,0.254,0.299,0.381,0.6799999999999999,512500
459,ahmedni01,2016,ARI,NL,90,284,26,62,9,1,4,20.0,15,58.0,0.218,0.265,0.299,0.5640000000000001,521600
460,alberha01,2016,TEX,AL,35,56,2,8,1,0,0,5.0,0,17.0,0.143,0.143,0.161,0.304,511500
461,alonsyo01,2016,OAK,AL,156,482,52,122,34,0,7,56.0,45,74.0,0.253,0.316,0.367,0.683,2650000
462,altheaa01,2016,PHI,NL,57,198,23,39,6,0,4,22.0,23,69.0,0.197,0.3,0.288,0.588,515500
463,altuvjo01,2016,HOU,AL,161,640,108,216,42,5,24,96.0,60,70.0,0.338,0.396,0.531,0.927,3687500
464,alvarpe01,2016,BAL,AL,109,337,43,84,20,0,22,49.0,37,97.0,0.249,0.322,0.504,0.8260000000000001,5731704
465,andruel01,2016,TEX,AL,147,506,75,153,31,7,8,69.0,47,70.0,0.302,0.362,0.439,0.8009999999999999,15333333
466,aokino01,2016,SEA,AL,118,417,63,118,24,4,4,28.0,34,45.0,0.283,0.349,0.388,0.737,5500000
467,arciaos01,2016,MIN,AL,32,103,8,22,4,0,4,12.0,10,46.0,0.214,0.289,0.369,0.6579999999999999,535000
468,arciaos01,2016,TBA,AL,21,54,7,14,2,1,2,7.0,6,19.0,0.259,0.328,0.444,0.772,535000
469,arenano01,2016,COL,NL,160,618,116,182,35,6,41,133.0,68,103.0,0.294,0.362,0.57,0.9319999999999999,5000000
470,arrieja01,2016,CHN,NL,31,65,7,17,2,1,2,7.0,4,28.0,0.262,0.304,0.415,0.719,10700000
471,ascheco01,2016,PHI,NL,71,197,22,42,15,0,4,18.0,18,54.0,0.213,0.284,0.35,0.6339999999999999,530000
472,avilaal01,2016,CHA,AL,57,169,19,36,6,0,7,11.0,38,78.0,0.213,0.359,0.373,0.732,2500000
473,avilemi01,2016,DET,AL,68,167,17,35,5,1,1,6.0,9,27.0,0.21,0.258,0.269,0.527,2000000
474,aybarer01,2016,ATL,NL,97,335,27,81,14,2,2,26.0,20,59.0,0.242,0.293,0.313,0.606,8500000
475,aybarer01,2016,DET,AL,29,80,7,20,5,0,1,8.0,11,11.0,0.25,0.341,0.35,0.6910000000000001,8500000
476,baezja01,2016,CHN,NL,142,421,50,115,19,1,14,59.0,15,108.0,0.273,0.314,0.423,0.737,512000
477,barnebr02,2016,COL,NL,48,100,10,22,6,2,0,8.0,3,30.0,0.22,0.25,0.32,0.5700000000000001,1000000
478,barneda01,2016,TOR,AL,104,279,35,75,13,2,4,19.0,22,48.0,0.269,0.322,0.373,0.6950000000000001,1050000
479,barnhtu01,2016,CIN,NL,115,377,34,97,23,1,7,51.0,36,72.0,0.257,0.323,0.379,0.702,517500
480,bautijo02,2016,TOR,AL,116,423,68,99,24,1,22,69.0,87,103.0,0.234,0.366,0.452,0.8180000000000001,14000000
481,beckhgo01,2016,ATL,NL,85,240,25,52,16,1,5,30.0,26,50.0,0.217,0.3,0.354,0.6539999999999999,1250000
482,beckhti01,2016,TBA,AL,64,198,25,49,12,5,5,16.0,14,67.0,0.247,0.3,0.434,0.734,514500
483,beltbr01,2016,SFN,NL,156,542,77,149,41,8,17,82.0,104,148.0,0.275,0.394,0.474,0.868,6200000
484,beltrad01,2016,TEX,AL,153,583,89,175,31,1,32,104.0,48,66.0,0.3,0.358,0.521,0.879,18000000
485,beltrca01,2016,NYA,AL,99,359,50,109,21,0,22,64.0,22,70.0,0.304,0.344,0.546,0.89,15000000
486,beltrca01,2016,TEX,AL,52,193,23,54,12,0,7,29.0,13,31.0,0.28,0.325,0.451,0.776,15000000
487,bethach01,2016,SDN,NL,73,193,20,44,9,0,6,25.0,10,56.0,0.228,0.265,0.368,0.633,511200
488,bettsmo01,2016,BOS,AL,158,672,122,214,42,5,31,113.0,49,80.0,0.318,0.363,0.534,0.897,566000
489,blackch02,2016,COL,NL,143,578,111,187,35,5,29,82.0,43,102.0,0.324,0.381,0.552,0.933,3500000
490,blancan01,2016,PHI,NL,90,190,26,48,15,1,4,21.0,11,41.0,0.253,0.316,0.405,0.7210000000000001,1450000
491,blancgr01,2016,SFN,NL,106,241,28,54,10,4,1,18.0,29,51.0,0.224,0.309,0.311,0.62,3900000
492,blashja01,2016,SDN,NL,38,71,7,12,2,0,3,5.0,11,34.0,0.169,0.298,0.324,0.622,507500
493,bogaexa01,2016,BOS,AL,157,652,115,192,34,1,21,89.0,58,123.0,0.294,0.356,0.446,0.802,650000
494,bourjpe01,2016,PHI,NL,123,355,40,89,20,7,5,23.0,17,91.0,0.251,0.292,0.389,0.681,2000000
495,bourju01,2016,MIA,NL,90,280,35,74,12,1,15,51.0,38,56.0,0.264,0.349,0.475,0.824,537500
496,bradlja02,2016,BOS,AL,156,558,94,149,30,7,26,87.0,63,143.0,0.267,0.349,0.486,0.835,546500
497,braunry02,2016,MIL,NL,135,511,80,156,23,3,30,91.0,46,98.0,0.305,0.365,0.538,0.903,19315013
498,britoso01,2016,ARI,NL,40,95,10,17,3,1,4,12.0,2,23.0,0.179,0.196,0.358,0.554,508500
499,browntr01,2016,SFN,NL,75,173,17,41,7,0,5,19.0,10,39.0,0.237,0.283,0.364,0.647,508500
500,broxtke01,2016,MIL,NL,75,207,28,50,10,1,9,19.0,36,88.0,0.242,0.354,0.43,0.784,508500
501,bruceja01,2016,CIN,NL,97,370,60,98,22,6,25,80.0,27,83.0,0.265,0.316,0.559,0.875,12541666
502,bruceja01,2016,NYN,NL,50,169,14,37,5,0,8,19.0,17,43.0,0.219,0.294,0.391,0.685,12541666
503,bryankr01,2016,CHN,NL,155,603,121,176,35,3,39,102.0,75,154.0,0.292,0.385,0.554,0.9390000000000001,652000
504,bumgama01,2016,SFN,NL,36,86,8,16,6,0,3,9.0,10,43.0,0.186,0.268,0.36,0.628,9916667
505,burnsbi02,2016,OAK,AL,73,274,32,64,11,4,0,12.0,10,30.0,0.234,0.27,0.303,0.573,512500
506,buterdr01,2016,KCA,AL,56,123,18,35,10,1,4,16.0,8,36.0,0.285,0.328,0.48,0.808,1162500
507,butlebi03,2016,OAK,AL,85,221,24,61,16,0,4,31.0,19,34.0,0.276,0.331,0.403,0.734,11666667
508,buxtoby01,2016,MIN,AL,92,298,44,67,19,6,10,38.0,23,118.0,0.225,0.284,0.43,0.714,512500
509,byrdma01,2016,CLE,AL,34,115,11,31,6,0,5,19.0,11,38.0,0.27,0.326,0.452,0.778,1000000
510,cabreas01,2016,NYN,NL,141,521,65,146,30,1,23,62.0,38,103.0,0.28,0.336,0.474,0.81,8250000
511,cabreme01,2016,CHA,AL,151,591,70,175,42,5,14,86.0,47,69.0,0.296,0.345,0.455,0.8,14000000
512,cabremi01,2016,DET,AL,158,595,92,188,31,1,38,108.0,75,116.0,0.316,0.393,0.563,0.956,28000000
513,cainlo01,2016,KCA,AL,103,397,56,114,19,1,9,56.0,31,84.0,0.287,0.339,0.408,0.747,6500000
514,calhoko01,2016,LAA,AL,157,594,91,161,35,5,18,75.0,67,118.0,0.271,0.348,0.438,0.786,3400000
515,campber01,2016,NYN,NL,40,75,9,13,1,0,1,9.0,10,24.0,0.173,0.284,0.227,0.511,513308
516,canoro01,2016,SEA,AL,161,655,107,195,33,2,39,103.0,47,100.0,0.298,0.35,0.533,0.883,24000000
517,carpema01,2016,SLN,NL,129,473,81,128,36,6,21,68.0,81,108.0,0.271,0.38,0.505,0.885,6500000
518,carreez01,2016,TOR,AL,110,270,47,67,9,1,6,23.0,27,70.0,0.248,0.323,0.356,0.679,521800
519,cartech02,2016,MIL,NL,160,549,84,122,27,1,41,94.0,76,206.0,0.222,0.321,0.499,0.8200000000000001,2500000
520,casalcu01,2016,TBA,AL,84,226,23,42,10,0,8,25.0,25,82.0,0.186,0.273,0.336,0.609,513600
521,casteni01,2016,DET,AL,110,411,54,117,25,4,18,58.0,28,111.0,0.285,0.331,0.496,0.827,536500
522,castiwe01,2016,ARI,NL,113,416,41,110,24,0,14,68.0,33,121.0,0.264,0.322,0.423,0.745,3700000
523,castrja01,2016,HOU,AL,113,329,41,69,16,3,11,32.0,45,123.0,0.21,0.307,0.377,0.6839999999999999,5000000
524,castrst01,2016,NYA,AL,151,577,63,156,29,1,21,70.0,24,118.0,0.27,0.3,0.433,0.733,7857142
525,cervefr01,2016,PIT,NL,101,326,42,86,14,1,1,33.0,56,72.0,0.264,0.377,0.322,0.6990000000000001,3500000
526,cespeyo01,2016,NYN,NL,132,479,72,134,25,1,31,86.0,51,108.0,0.28,0.354,0.53,0.884,27328046
527,chatwty01,2016,COL,NL,27,53,3,10,0,1,0,4.0,2,14.0,0.189,0.218,0.226,0.444,1000000
528,chiriro01,2016,TEX,AL,57,147,21,33,11,0,9,20.0,15,44.0,0.224,0.314,0.483,0.7969999999999999,1550000
529,chiselo01,2016,CLE,AL,126,385,43,110,25,5,8,57.0,23,70.0,0.286,0.328,0.439,0.767,2725000
530,choiji01,2016,LAA,AL,54,112,9,19,4,0,5,12.0,16,27.0,0.17,0.271,0.339,0.6100000000000001,650000
531,choosh01,2016,TEX,AL,48,178,27,43,7,0,7,17.0,25,46.0,0.242,0.357,0.399,0.756,20000000
532,clevest01,2016,SEA,AL,22,68,7,15,3,0,1,7.0,8,14.0,0.221,0.303,0.309,0.612,516500
533,coghlch01,2016,OAK,AL,51,158,14,23,5,0,5,14.0,13,47.0,0.146,0.215,0.272,0.487,4800000
534,coghlch01,2016,CHN,NL,48,103,21,26,7,2,1,16.0,22,26.0,0.252,0.391,0.388,0.779,4800000
535,collity01,2016,DET,AL,56,136,14,32,2,3,4,15.0,13,38.0,0.235,0.305,0.382,0.687,510500
536,colonba01,2016,NYN,NL,34,60,4,5,2,0,1,2.0,1,40.0,0.083,0.098,0.167,0.265,7250000
537,colonch01,2016,KCA,AL,54,147,13,34,6,0,1,13.0,11,31.0,0.231,0.294,0.293,0.587,518425
538,confomi01,2016,NYN,NL,109,304,38,67,21,1,12,42.0,36,89.0,0.22,0.31,0.414,0.724,517246
539,congeha01,2016,TBA,AL,49,124,6,24,5,0,3,10.0,12,40.0,0.194,0.265,0.306,0.571,1500000
540,correca01,2016,HOU,AL,153,577,76,158,36,3,20,96.0,75,139.0,0.274,0.361,0.451,0.812,516700
541,cozarza01,2016,CIN,NL,121,464,67,117,28,2,16,50.0,37,84.0,0.252,0.308,0.425,0.733,2925000
542,crawfbr01,2016,SFN,NL,155,553,67,152,28,11,12,84.0,57,115.0,0.275,0.342,0.43,0.772,6000000
543,crawfca02,2016,LAN,NL,30,81,8,15,2,1,0,6.0,4,11.0,0.185,0.23,0.235,0.46499999999999997,20750000
544,crispco01,2016,OAK,AL,102,393,45,92,24,4,11,47.0,37,65.0,0.234,0.299,0.399,0.698,11000000
545,crispco01,2016,CLE,AL,20,53,9,11,3,0,2,8.0,9,13.0,0.208,0.323,0.377,0.7,11000000
546,croncj01,2016,LAA,AL,116,407,51,113,25,2,16,69.0,24,75.0,0.278,0.325,0.467,0.792,525000
547,cruzne02,2016,SEA,AL,155,589,96,169,27,1,43,105.0,62,159.0,0.287,0.36,0.555,0.915,14250000
548,cuetojo01,2016,SFN,NL,32,70,1,8,0,0,0,5.0,2,24.0,0.114,0.137,0.114,0.251,17500000
549,culbech01,2016,LAN,NL,34,67,6,20,3,0,1,7.0,1,13.0,0.299,0.309,0.388,0.6970000000000001,535000
550,darnatr01,2016,NYN,NL,75,251,27,62,7,0,4,15.0,19,50.0,0.247,0.307,0.323,0.63,542604
551,davisch02,2016,BAL,AL,157,566,99,125,21,0,38,84.0,88,219.0,0.221,0.332,0.459,0.791,21268890
552,daviskh01,2016,OAK,AL,150,555,85,137,24,2,42,102.0,42,166.0,0.247,0.307,0.524,0.831,524500
553,davisra01,2016,CLE,AL,134,454,74,113,23,2,12,48.0,33,106.0,0.249,0.306,0.388,0.694,5250000
554,deazaal01,2016,NYN,NL,130,234,31,48,9,0,6,25.0,26,67.0,0.205,0.297,0.321,0.618,5750000
555,dejesiv02,2016,CIN,NL,104,221,21,56,10,0,1,20.0,17,51.0,0.253,0.311,0.312,0.623,517000
556,descada01,2016,COL,NL,99,250,38,66,12,2,8,38.0,34,56.0,0.264,0.349,0.424,0.7729999999999999,2100000
557,deshide02,2016,TEX,AL,74,182,36,38,7,0,4,13.0,15,54.0,0.209,0.275,0.313,0.5880000000000001,517300
558,desmoia01,2016,TEX,AL,156,625,107,178,29,3,22,86.0,44,160.0,0.285,0.335,0.446,0.781,8000000
559,dickeco01,2016,TBA,AL,148,510,57,125,36,3,24,70.0,33,134.0,0.245,0.293,0.469,0.762,522900
560,dietrde01,2016,MIA,NL,128,351,39,98,20,5,7,42.0,32,84.0,0.279,0.374,0.425,0.7989999999999999,522500
561,donaljo02,2016,TOR,AL,155,577,122,164,32,5,37,99.0,109,119.0,0.284,0.404,0.549,0.9530000000000001,11650000
562,doziebr01,2016,MIN,AL,155,615,104,165,35,5,42,99.0,61,138.0,0.268,0.34,0.546,0.8860000000000001,3000000
563,drewst01,2016,WAS,NL,70,143,24,38,11,1,8,21.0,16,31.0,0.266,0.339,0.524,0.863,3000000
564,drurybr01,2016,ARI,NL,134,461,59,130,31,1,16,53.0,31,100.0,0.282,0.329,0.458,0.787,508900
565,dudalu01,2016,NYN,NL,47,153,20,35,7,0,7,23.0,15,36.0,0.229,0.302,0.412,0.714,6725000
566,duffyma01,2016,SFN,NL,70,257,32,65,11,2,4,21.0,20,40.0,0.253,0.313,0.358,0.671,510200
567,duffyma01,2016,TBA,AL,21,76,9,21,3,0,1,7.0,3,13.0,0.276,0.3,0.355,0.655,510200
568,duvalad01,2016,CIN,NL,150,552,85,133,31,6,33,103.0,41,164.0,0.241,0.297,0.498,0.7949999999999999,510000
569,dysonja01,2016,KCA,AL,107,299,46,83,14,8,1,25.0,26,39.0,0.278,0.34,0.388,0.728,1725000
570,eatonad02,2016,CHA,AL,157,619,91,176,29,9,14,59.0,63,115.0,0.284,0.362,0.428,0.79,2750000
571,eickhje01,2016,PHI,NL,33,61,4,8,3,0,0,5.0,1,12.0,0.131,0.145,0.18,0.32499999999999996,516000
572,ellisaj01,2016,LAN,NL,53,139,8,27,5,0,1,13.0,16,24.0,0.194,0.285,0.252,0.5369999999999999,4500000
573,ellsbja01,2016,NYA,AL,148,551,71,145,24,5,9,56.0,54,84.0,0.263,0.33,0.374,0.704,21142857
574,encared01,2016,TOR,AL,160,601,99,158,34,0,42,127.0,87,138.0,0.263,0.357,0.529,0.886,10000000
575,escobal02,2016,KCA,AL,162,637,57,166,24,6,7,55.0,27,96.0,0.261,0.292,0.35,0.6419999999999999,5250000
576,escobed01,2016,MIN,AL,105,352,32,83,14,2,6,37.0,21,72.0,0.236,0.28,0.338,0.6180000000000001,2150000
577,escobyu01,2016,LAA,AL,132,517,68,157,28,1,5,39.0,40,67.0,0.304,0.355,0.391,0.746,7000000
578,espinda01,2016,WAS,NL,157,516,66,108,15,0,24,72.0,54,174.0,0.209,0.306,0.378,0.6839999999999999,2875000
579,fernajo02,2016,MIA,NL,30,52,3,13,2,0,0,6.0,1,13.0,0.25,0.264,0.288,0.552,2800000
580,fieldpr01,2016,TEX,AL,89,326,29,69,16,0,8,44.0,32,63.0,0.212,0.292,0.334,0.626,24000000
581,finnebr01,2016,CIN,NL,33,53,4,6,2,0,0,2.0,3,18.0,0.113,0.161,0.151,0.312,511500
582,flahery01,2016,BAL,AL,74,157,16,34,7,0,3,15.0,17,48.0,0.217,0.291,0.318,0.609,1500000
583,florera02,2016,MIL,NL,104,249,18,51,8,0,2,19.0,31,58.0,0.205,0.294,0.261,0.5549999999999999,508800
584,florewi01,2016,NYN,NL,103,307,38,82,14,0,16,49.0,23,48.0,0.267,0.319,0.469,0.788,526014
585,flowety01,2016,ATL,NL,83,281,27,76,18,0,8,41.0,29,91.0,0.27,0.357,0.42,0.7769999999999999,2000000
586,forsylo01,2016,TBA,AL,127,511,76,135,24,4,20,52.0,46,127.0,0.264,0.333,0.444,0.777,2250000
587,fowlede01,2016,CHN,NL,125,456,84,126,25,7,13,48.0,79,124.0,0.276,0.393,0.447,0.8400000000000001,8000000
588,francje02,2016,ATL,NL,99,257,29,64,13,0,7,33.0,16,75.0,0.249,0.29,0.381,0.671,1000000
589,francma02,2016,PHI,NL,152,581,67,148,23,1,25,88.0,40,106.0,0.255,0.306,0.427,0.733,517500
590,frazito01,2016,CHA,AL,158,590,89,133,21,0,40,98.0,64,163.0,0.225,0.302,0.464,0.766,8250000
591,freemfr01,2016,ATL,NL,158,589,102,178,43,6,34,91.0,89,171.0,0.302,0.4,0.569,0.969,12359375
592,freesda01,2016,PIT,NL,141,437,63,118,23,0,13,55.0,45,142.0,0.27,0.352,0.412,0.764,3000000
593,fryerer01,2016,PIT,NL,36,78,12,17,2,1,0,8.0,10,18.0,0.218,0.3,0.269,0.569,575000
594,galvifr01,2016,PHI,NL,158,584,61,141,26,3,20,67.0,25,136.0,0.241,0.274,0.399,0.673,2000000
595,garciad01,2016,ATL,NL,134,532,65,145,29,0,14,65.0,24,93.0,0.273,0.311,0.406,0.7170000000000001,508750
596,garciav01,2016,CHA,AL,120,413,59,101,18,2,12,51.0,34,115.0,0.245,0.307,0.385,0.692,2100000
597,garcigr01,2016,SLN,NL,99,214,33,59,11,0,3,17.0,38,50.0,0.276,0.393,0.369,0.762,507500
598,gardnbr01,2016,NYA,AL,148,547,80,143,22,6,7,41.0,70,106.0,0.261,0.351,0.362,0.713,13500000
599,gattiev01,2016,HOU,AL,128,447,58,112,19,0,32,72.0,43,127.0,0.251,0.319,0.508,0.827,3300000
600,gennesc01,2016,MIL,NL,136,498,58,131,30,1,14,56.0,38,114.0,0.263,0.317,0.412,0.729,518100
601,giavojo01,2016,LAA,AL,99,346,44,90,20,1,6,31.0,13,39.0,0.26,0.287,0.376,0.663,532500
602,gimench01,2016,CLE,AL,68,139,17,30,4,0,4,11.0,10,41.0,0.216,0.272,0.331,0.603,975000
603,goeddty01,2016,PHI,NL,92,213,17,41,3,3,4,16.0,17,52.0,0.192,0.258,0.291,0.5489999999999999,507500
604,goinsry01,2016,TOR,AL,77,183,13,34,9,2,3,12.0,9,48.0,0.186,0.228,0.306,0.534,520200
605,goldspa01,2016,ARI,NL,158,579,106,172,33,3,24,95.0,110,150.0,0.297,0.411,0.489,0.8999999999999999,5833333
606,gomesya01,2016,CLE,AL,74,251,22,42,11,1,9,34.0,9,69.0,0.167,0.201,0.327,0.528,2583333
607,gomezca01,2016,HOU,AL,85,295,27,62,16,1,5,29.0,21,100.0,0.21,0.272,0.322,0.5940000000000001,9000000
608,gomezca01,2016,TEX,AL,33,116,18,33,6,0,8,24.0,13,36.0,0.284,0.362,0.543,0.905,9000000
609,gonzaad01,2016,LAN,NL,156,568,69,162,31,0,18,90.0,55,117.0,0.285,0.349,0.435,0.784,21000000
610,gonzaca01,2016,COL,NL,150,584,87,174,42,2,25,100.0,46,129.0,0.298,0.35,0.505,0.855,17428571
611,gonzagi01,2016,WAS,NL,32,52,1,7,2,0,0,2.0,0,24.0,0.135,0.148,0.173,0.32099999999999995,12100000
612,gonzama01,2016,HOU,AL,141,484,55,123,26,3,13,51.0,22,118.0,0.254,0.293,0.401,0.694,2000000
613,gordoal01,2016,KCA,AL,128,445,62,98,16,2,17,40.0,52,148.0,0.22,0.312,0.38,0.692,12000000
614,gordode01,2016,MIA,NL,79,325,47,87,7,6,1,14.0,18,55.0,0.268,0.305,0.335,0.64,3242202
615,gosean01,2016,DET,AL,30,91,11,19,2,2,2,7.0,9,38.0,0.209,0.287,0.341,0.628,525000
616,gosseph01,2016,ARI,NL,122,220,26,61,12,1,2,13.0,15,46.0,0.277,0.324,0.368,0.692,513900
617,grandcu01,2016,NYN,NL,150,545,88,129,24,5,30,59.0,74,130.0,0.237,0.335,0.464,0.799,16000000
618,grandya01,2016,LAN,NL,126,390,49,89,14,1,27,72.0,64,116.0,0.228,0.339,0.477,0.8160000000000001,2800000
619,gregodi01,2016,NYA,AL,153,562,68,155,32,2,20,70.0,19,82.0,0.276,0.304,0.447,0.751,2425000
620,greinza01,2016,ARI,NL,27,52,4,11,1,0,0,3.0,3,9.0,0.212,0.246,0.231,0.477,31799030
621,grichra01,2016,SLN,NL,132,446,66,107,29,3,24,68.0,28,141.0,0.24,0.289,0.48,0.7689999999999999,520000
622,gutiefr01,2016,SEA,AL,98,248,33,61,9,0,14,39.0,29,85.0,0.246,0.329,0.452,0.781,1500000
623,guyerbr01,2016,TBA,AL,63,212,27,51,12,1,7,18.0,12,42.0,0.241,0.347,0.406,0.753,1185000
624,guyerbr01,2016,CLE,AL,38,81,12,27,5,0,2,14.0,7,13.0,0.333,0.438,0.469,0.907,1185000
625,gyorkje01,2016,SLN,NL,128,400,58,97,9,1,30,59.0,37,96.0,0.242,0.306,0.495,0.8009999999999999,4000000
626,hamilbi02,2016,CIN,NL,119,411,69,107,19,3,3,17.0,36,93.0,0.26,0.321,0.343,0.664,570000
627,hammeja01,2016,CHN,NL,35,65,6,16,3,0,0,7.0,1,24.0,0.246,0.258,0.292,0.55,9000000
628,hanigry01,2016,BOS,AL,35,105,9,18,4,0,1,14.0,7,27.0,0.171,0.23,0.238,0.46799999999999997,3700000
629,hardyjj01,2016,BAL,AL,115,405,43,109,29,0,9,48.0,26,68.0,0.269,0.309,0.407,0.716,12209424
630,harpebr03,2016,WAS,NL,147,506,84,123,24,2,24,86.0,108,117.0,0.243,0.373,0.441,0.8140000000000001,5000000
631,harrijo05,2016,PIT,NL,131,487,57,138,25,7,4,59.0,18,76.0,0.283,0.311,0.388,0.6990000000000001,5250000
632,hazelje01,2016,SLN,NL,114,200,35,47,7,3,12,28.0,18,64.0,0.235,0.295,0.48,0.7749999999999999,507500
633,headlch01,2016,NYA,AL,140,467,58,118,18,1,14,51.0,51,118.0,0.253,0.331,0.385,0.716,13000000
634,hechaad01,2016,MIA,NL,155,508,52,120,17,6,3,38.0,33,73.0,0.236,0.283,0.311,0.594,2625000
635,heisech01,2016,WAS,NL,83,139,18,30,3,1,9,17.0,13,44.0,0.216,0.29,0.446,0.736,1250000
636,hellije01,2016,PHI,NL,32,54,3,9,1,0,0,4.0,4,24.0,0.167,0.224,0.185,0.40900000000000003,7000000
637,hendrky01,2016,CHN,NL,32,58,1,8,0,0,0,2.0,1,29.0,0.138,0.167,0.138,0.30500000000000005,541000
638,hernace02,2016,PHI,NL,155,547,67,161,14,11,6,39.0,66,116.0,0.294,0.371,0.393,0.764,525000
639,hernaen02,2016,LAN,NL,109,216,25,41,8,0,7,18.0,28,64.0,0.19,0.283,0.324,0.607,520000
640,herreod01,2016,PHI,NL,159,583,87,167,21,6,15,49.0,63,134.0,0.286,0.361,0.42,0.7809999999999999,528000
641,herrmch01,2016,ARI,NL,56,148,21,42,5,4,6,28.0,16,44.0,0.284,0.352,0.493,0.845,515900
642,heywaja01,2016,CHN,NL,142,530,61,122,27,1,7,49.0,54,93.0,0.23,0.306,0.325,0.631,19555288
643,hicksaa01,2016,NYA,AL,123,327,32,71,13,1,8,31.0,30,68.0,0.217,0.281,0.336,0.617,574000
644,hillaa01,2016,MIL,NL,78,254,34,72,11,0,8,29.0,30,43.0,0.283,0.359,0.421,0.78,12000000
645,hillaa01,2016,BOS,AL,47,124,14,27,3,0,2,9.0,11,16.0,0.218,0.287,0.29,0.577,12000000
646,holadbr01,2016,TEX,AL,30,84,14,20,6,1,2,13.0,5,16.0,0.238,0.29,0.405,0.6950000000000001,519000
647,hollima01,2016,SLN,NL,110,382,48,94,20,1,20,62.0,35,71.0,0.246,0.322,0.461,0.783,17000000
648,holtbr01,2016,BOS,AL,94,290,45,74,16,0,7,34.0,27,58.0,0.255,0.322,0.383,0.7050000000000001,606000
649,holtty01,2016,CIN,NL,106,179,21,42,5,3,0,13.0,23,48.0,0.235,0.327,0.296,0.623,508000
650,hosmeer01,2016,KCA,AL,158,605,80,161,24,1,25,104.0,57,132.0,0.266,0.328,0.433,0.761,8250000
651,hundlni01,2016,COL,NL,83,289,30,75,20,1,10,48.0,25,65.0,0.26,0.32,0.439,0.759,3150000
652,iannech01,2016,SEA,AL,94,295,23,62,14,0,7,24.0,38,83.0,0.21,0.303,0.329,0.632,4250000
653,iglesjo01,2016,DET,AL,137,467,57,119,26,0,4,32.0,28,50.0,0.255,0.306,0.336,0.642,2100000
654,inciaen01,2016,ATL,NL,131,522,85,152,24,7,3,29.0,45,68.0,0.291,0.351,0.381,0.732,523000
655,infanom01,2016,KCA,AL,39,134,16,32,9,1,0,11.0,9,23.0,0.239,0.279,0.321,0.6000000000000001,7750000
656,jacksau01,2016,CHA,AL,54,181,24,46,12,2,0,18.0,17,39.0,0.254,0.318,0.343,0.661,5000000
657,jankotr01,2016,SDN,NL,131,335,53,82,13,2,2,12.0,42,100.0,0.245,0.332,0.313,0.645,508800
658,jasojo01,2016,PIT,NL,132,380,45,102,25,3,8,42.0,45,74.0,0.268,0.353,0.413,0.766,4000000
659,jayjo02,2016,SDN,NL,90,347,49,101,26,1,2,26.0,19,78.0,0.291,0.339,0.389,0.728,6225000
660,jennide01,2016,TBA,AL,65,200,22,40,7,1,7,20.0,21,58.0,0.2,0.281,0.35,0.631,3300000
661,johnsch05,2016,MIA,NL,113,243,20,54,11,0,5,24.0,19,78.0,0.222,0.281,0.329,0.6100000000000001,8007500
662,johnske05,2016,ATL,NL,49,121,8,26,6,0,1,10.0,10,25.0,0.215,0.273,0.289,0.562,2000000
663,johnske05,2016,NYN,NL,82,183,17,49,8,0,9,24.0,15,40.0,0.268,0.328,0.459,0.787,2000000
664,jonesad01,2016,BAL,AL,152,619,86,164,19,0,29,83.0,39,115.0,0.265,0.31,0.436,0.746,16329674
665,josepca01,2016,BAL,AL,49,132,7,23,3,0,0,0.0,7,28.0,0.174,0.216,0.197,0.41300000000000003,523500
666,joycema01,2016,PIT,NL,140,231,45,56,10,1,13,42.0,59,67.0,0.242,0.403,0.463,0.8660000000000001,1000000
667,kangju01,2016,PIT,NL,103,318,45,81,19,0,21,62.0,36,79.0,0.255,0.354,0.513,0.867,2500000
668,kempma01,2016,SDN,NL,100,409,54,107,24,0,23,69.0,16,100.0,0.262,0.285,0.489,0.774,21500000
669,kempma01,2016,ATL,NL,56,214,35,60,15,0,12,39.0,20,56.0,0.28,0.336,0.519,0.855,21500000
670,kendrho01,2016,LAN,NL,146,487,65,124,26,2,8,40.0,50,96.0,0.255,0.326,0.366,0.692,9540378
671,kiermke01,2016,TBA,AL,105,366,55,90,20,2,12,37.0,40,74.0,0.246,0.331,0.41,0.741,514400
672,kimhy01,2016,BAL,AL,95,305,36,92,16,1,6,22.0,36,51.0,0.302,0.382,0.42,0.802,2800000
673,kinslia01,2016,DET,AL,153,618,117,178,29,4,28,83.0,45,115.0,0.288,0.348,0.484,0.832,14000000
674,kipnija01,2016,CLE,AL,156,610,91,168,41,4,23,82.0,60,146.0,0.275,0.343,0.469,0.812,6166667
675,koehlto01,2016,MIA,NL,33,51,1,5,0,0,0,4.0,1,28.0,0.098,0.115,0.098,0.21300000000000002,3500000
676,kratzer01,2016,PIT,NL,18,56,3,6,1,0,1,4.0,0,18.0,0.107,0.107,0.179,0.286,850000
677,lackejo01,2016,CHN,NL,29,63,1,6,2,0,0,2.0,2,31.0,0.095,0.123,0.127,0.25,16000000
678,lagarju01,2016,NYN,NL,79,142,15,34,7,2,3,9.0,11,27.0,0.239,0.301,0.38,0.681,2500000
679,lambja01,2016,ARI,NL,151,523,81,130,31,9,29,91.0,64,154.0,0.249,0.332,0.509,0.841,520300
680,lasteto01,2016,CHN,NL,74,148,17,40,12,1,2,11.0,18,27.0,0.27,0.357,0.405,0.762,532000
681,lawribr01,2016,CHA,AL,94,351,35,87,22,0,12,36.0,30,109.0,0.248,0.31,0.413,0.723,4125000
682,leeda02,2016,SEA,AL,104,292,33,74,9,0,14,49.0,20,74.0,0.253,0.312,0.428,0.74,1000000
683,lemahdj01,2016,COL,NL,146,552,104,192,32,8,11,66.0,66,80.0,0.348,0.416,0.495,0.911,3000000
684,lestejo01,2016,CHN,NL,33,59,3,6,3,0,0,6.0,6,18.0,0.102,0.185,0.153,0.33799999999999997,25000000
685,lindad01,2016,SEA,AL,126,401,48,96,17,0,20,58.0,26,89.0,0.239,0.286,0.431,0.717,8000000
686,lindofr01,2016,CLE,AL,158,604,99,182,30,3,15,78.0,57,88.0,0.301,0.358,0.435,0.7929999999999999,540300
687,lobatjo01,2016,WAS,NL,39,99,10,23,3,1,3,8.0,12,18.0,0.232,0.319,0.374,0.6930000000000001,1387500
688,longoev01,2016,TBA,AL,160,633,81,173,41,4,36,98.0,42,144.0,0.273,0.318,0.521,0.839,12600018
689,lowrije01,2016,OAK,AL,87,338,30,89,12,1,2,27.0,26,65.0,0.263,0.314,0.322,0.636,7500000
690,lucrojo01,2016,MIL,NL,95,338,48,101,17,3,13,50.0,33,70.0,0.299,0.359,0.482,0.841,4100000
691,lucrojo01,2016,TEX,AL,47,152,19,42,7,0,11,31.0,14,30.0,0.276,0.345,0.539,0.884,4100000
692,machama01,2016,BAL,AL,157,640,105,188,40,1,37,96.0,48,120.0,0.294,0.343,0.533,0.8760000000000001,5000000
693,maedake01,2016,LAN,NL,35,57,5,7,1,0,1,4.0,1,16.0,0.123,0.138,0.193,0.331,3125000
694,maldoma01,2016,MIL,NL,76,208,21,42,7,0,8,21.0,35,56.0,0.202,0.332,0.351,0.683,1125000
695,marisja01,2016,HOU,AL,118,287,40,60,18,1,5,21.0,16,83.0,0.209,0.257,0.331,0.5880000000000001,519500
696,markani01,2016,ATL,NL,158,599,67,161,38,0,13,89.0,71,101.0,0.269,0.346,0.397,0.743,11000000
697,marteke01,2016,SEA,AL,119,437,55,113,21,2,1,33.0,18,84.0,0.259,0.287,0.323,0.61,515400
698,martest01,2016,PIT,NL,129,489,71,152,34,5,9,46.0,23,104.0,0.311,0.362,0.456,0.8180000000000001,3333333
699,martica04,2016,SLN,NL,33,59,5,14,1,0,0,6.0,0,13.0,0.237,0.246,0.254,0.5,539000
700,martijd02,2016,DET,AL,120,460,69,141,35,2,22,68.0,49,128.0,0.307,0.373,0.535,0.908,6750000
701,martile01,2016,SEA,AL,143,518,72,128,17,3,15,47.0,44,149.0,0.247,0.306,0.378,0.6839999999999999,4150000
702,martiru01,2016,TOR,AL,137,455,62,105,16,0,20,74.0,64,148.0,0.231,0.335,0.398,0.7330000000000001,15000000
703,martivi01,2016,DET,AL,154,553,65,160,22,0,27,86.0,50,90.0,0.289,0.351,0.476,0.827,18000000
704,mathije01,2016,MIA,NL,41,126,12,30,4,1,2,15.0,4,36.0,0.238,0.267,0.333,0.6000000000000001,1500000
705,mauerjo01,2016,MIN,AL,134,494,68,129,22,4,11,49.0,79,93.0,0.261,0.363,0.389,0.752,23000000
706,maybica01,2016,DET,AL,94,349,65,110,14,5,4,43.0,36,69.0,0.315,0.383,0.418,0.8009999999999999,8000000
707,mccanbr01,2016,NYA,AL,130,429,56,104,13,0,20,58.0,54,99.0,0.242,0.335,0.413,0.748,17000000
708,mccanja02,2016,DET,AL,105,344,31,76,9,1,12,48.0,23,109.0,0.221,0.272,0.358,0.63,519500
709,mccutan01,2016,PIT,NL,153,598,81,153,26,3,24,79.0,69,143.0,0.256,0.336,0.43,0.766,13208333
710,mercejo03,2016,PIT,NL,149,519,66,133,22,3,11,59.0,51,83.0,0.256,0.328,0.374,0.702,2075000
711,millebr02,2016,TBA,AL,152,548,73,133,29,6,30,81.0,47,149.0,0.243,0.304,0.482,0.786,527600
712,molinya01,2016,SLN,NL,147,534,56,164,38,1,8,58.0,39,63.0,0.307,0.36,0.427,0.7869999999999999,14200000
713,montemi01,2016,CHN,NL,86,241,33,52,8,1,8,33.0,38,58.0,0.216,0.327,0.357,0.6839999999999999,14000000
714,moralke01,2016,KCA,AL,154,558,65,147,24,0,30,93.0,48,120.0,0.263,0.327,0.468,0.795,9000000
715,morelmi01,2016,TEX,AL,147,460,49,107,21,0,22,60.0,35,118.0,0.233,0.298,0.422,0.72,5700000
716,morrilo01,2016,TBA,AL,107,353,45,84,18,1,14,43.0,37,89.0,0.238,0.319,0.414,0.733,4200000
717,mossbr01,2016,SLN,NL,128,413,66,93,19,2,28,67.0,39,141.0,0.225,0.3,0.484,0.784,8250000
718,moustmi01,2016,KCA,AL,27,104,12,25,6,0,7,13.0,9,13.0,0.24,0.301,0.5,0.8009999999999999,5600000
719,murphda08,2016,WAS,NL,142,531,88,184,47,5,25,104.0,35,57.0,0.347,0.39,0.595,0.985,8000000
720,murphjr01,2016,MIN,AL,26,82,4,12,3,0,1,3.0,5,19.0,0.146,0.193,0.22,0.41300000000000003,528700
721,myerswi01,2016,SDN,NL,157,599,99,155,29,4,28,94.0,68,160.0,0.259,0.336,0.461,0.797,523900
722,napolmi01,2016,CLE,AL,150,557,92,133,22,1,34,101.0,78,194.0,0.239,0.335,0.465,0.8,7000000
723,naquity01,2016,CLE,AL,116,321,52,95,18,5,14,43.0,36,112.0,0.296,0.372,0.514,0.886,507500
724,navada01,2016,LAA,AL,45,119,10,28,5,0,1,13.0,9,26.0,0.235,0.309,0.303,0.612,1375000
725,navardi01,2016,CHA,AL,85,271,25,57,13,2,6,32.0,20,63.0,0.21,0.267,0.339,0.6060000000000001,4000000
726,nieuwki01,2016,MIL,NL,125,335,38,70,18,1,13,44.0,56,133.0,0.209,0.324,0.385,0.7090000000000001,514000
727,norride01,2016,SDN,NL,125,415,50,77,17,0,14,42.0,36,139.0,0.186,0.255,0.328,0.583,2925000
728,nunezed02,2016,MIN,AL,91,371,49,110,15,1,12,47.0,15,58.0,0.296,0.325,0.439,0.764,1475000
729,nunezed02,2016,SFN,NL,50,182,24,49,9,3,4,20.0,14,30.0,0.269,0.327,0.418,0.745,1475000
730,odorro01,2016,TEX,AL,150,605,89,164,33,4,33,88.0,19,135.0,0.271,0.296,0.502,0.798,522700
731,orlanpa01,2016,KCA,AL,128,457,52,138,24,4,5,43.0,13,105.0,0.302,0.329,0.405,0.734,514250
732,ortizda01,2016,BOS,AL,151,537,79,169,48,1,38,127.0,80,86.0,0.315,0.401,0.62,1.021,16000000
733,owingch01,2016,ARI,NL,119,437,52,121,24,11,5,49.0,20,87.0,0.277,0.315,0.416,0.731,530500
734,ozunama01,2016,MIA,NL,148,557,75,148,23,6,23,76.0,43,115.0,0.266,0.321,0.452,0.773,570000
735,paganan01,2016,SFN,NL,129,495,71,137,24,5,12,55.0,42,66.0,0.277,0.331,0.418,0.749,11250000
736,panikjo01,2016,SFN,NL,127,464,67,111,21,7,10,62.0,50,47.0,0.239,0.315,0.379,0.694,545000
737,paredji01,2016,PHI,NL,76,143,13,31,7,0,4,17.0,5,44.0,0.217,0.242,0.35,0.592,520000
738,parrage01,2016,COL,NL,102,368,45,93,27,3,7,39.0,9,73.0,0.253,0.271,0.399,0.67,8000000
739,paulsbe01,2016,COL,NL,39,92,8,20,5,0,1,11.0,5,27.0,0.217,0.258,0.304,0.562,512500
740,pearcst01,2016,TBA,AL,60,204,26,63,11,1,10,29.0,26,40.0,0.309,0.388,0.52,0.908,4750000
741,pearcst01,2016,BAL,AL,25,60,9,13,2,0,3,6.0,8,14.0,0.217,0.329,0.4,0.7290000000000001,4750000
742,pederjo01,2016,LAN,NL,137,406,64,100,26,0,25,68.0,63,130.0,0.246,0.352,0.495,0.847,520000
743,pedrodu01,2016,BOS,AL,154,633,105,201,36,1,15,74.0,61,73.0,0.318,0.376,0.449,0.825,12642511
744,pencehu01,2016,SFN,NL,106,395,58,114,23,1,13,57.0,43,95.0,0.289,0.357,0.451,0.808,18700000
745,pennicl01,2016,LAA,AL,74,172,18,36,4,2,3,10.0,13,55.0,0.209,0.265,0.308,0.573,1500000
746,peralda01,2016,ARI,NL,48,171,23,43,9,5,4,15.0,8,42.0,0.251,0.295,0.433,0.728,529600
747,peraljh01,2016,SLN,NL,82,289,37,75,17,1,8,29.0,20,56.0,0.26,0.307,0.408,0.715,12500000
748,perezca02,2016,LAA,AL,87,268,25,56,16,0,5,31.0,12,49.0,0.209,0.244,0.325,0.569,513000
749,perezro02,2016,CLE,AL,61,153,14,28,6,1,3,17.0,23,44.0,0.183,0.285,0.294,0.579,515800
750,perezsa02,2016,KCA,AL,139,514,57,127,28,2,22,64.0,22,119.0,0.247,0.288,0.438,0.726,2000000
751,peterja01,2016,ATL,NL,115,350,45,89,16,1,7,29.0,52,69.0,0.254,0.35,0.366,0.716,520500
752,phamth01,2016,SLN,NL,78,159,26,36,7,0,9,17.0,20,71.0,0.226,0.324,0.44,0.764,510000
753,phegljo01,2016,OAK,AL,26,78,11,20,6,0,1,10.0,5,13.0,0.256,0.314,0.372,0.6859999999999999,512500
754,phillbr01,2016,CIN,NL,141,550,74,160,34,1,11,64.0,18,68.0,0.291,0.32,0.416,0.736,13083333
755,pierzaj01,2016,ATL,NL,81,247,15,54,15,0,2,23.0,6,29.0,0.219,0.243,0.304,0.5469999999999999,3000000
756,pillake01,2016,TOR,AL,146,548,59,146,35,2,7,53.0,24,90.0,0.266,0.303,0.376,0.679,521100
757,piscost01,2016,SLN,NL,153,582,86,159,35,3,22,85.0,51,133.0,0.273,0.343,0.457,0.8,512500
758,plaweke01,2016,NYN,NL,48,132,6,26,6,0,1,11.0,17,33.0,0.197,0.298,0.265,0.563,511360
759,plouftr01,2016,MIN,AL,84,319,35,83,13,1,12,47.0,19,60.0,0.26,0.303,0.42,0.723,7250000
760,polangr01,2016,PIT,NL,144,527,79,136,34,4,22,86.0,53,119.0,0.258,0.323,0.463,0.786,535000
761,poseybu01,2016,SFN,NL,146,539,82,155,33,2,14,80.0,64,68.0,0.288,0.362,0.434,0.796,20777778
762,pradoma01,2016,MIA,NL,153,600,70,183,37,3,8,75.0,49,69.0,0.305,0.359,0.417,0.776,11000000
763,puigya01,2016,LAN,NL,104,334,45,88,14,2,11,45.0,24,74.0,0.263,0.323,0.416,0.739,7214285
764,pujolal01,2016,LAA,AL,152,593,71,159,19,0,31,119.0,49,75.0,0.268,0.323,0.457,0.78,25000000
765,raburry01,2016,COL,NL,113,223,30,49,10,2,9,30.0,28,80.0,0.22,0.309,0.404,0.7130000000000001,1500000
766,ramiral03,2016,SDN,NL,128,421,33,101,19,2,5,41.0,17,56.0,0.24,0.275,0.33,0.605,3000000
767,ramiral03,2016,TBA,AL,17,57,5,14,3,0,1,7.0,4,7.0,0.246,0.295,0.351,0.6459999999999999,3000000
768,ramirha01,2016,BOS,AL,147,549,81,157,28,1,30,111.0,60,120.0,0.286,0.361,0.505,0.866,22750000
769,ramirjo01,2016,CLE,AL,152,565,84,176,46,3,11,76.0,44,62.0,0.312,0.363,0.462,0.825,518200
770,ramoswi01,2016,WAS,NL,131,482,58,148,25,0,22,80.0,35,79.0,0.307,0.354,0.496,0.85,5350000
771,rasmuco01,2016,HOU,AL,107,369,38,76,10,0,15,54.0,43,121.0,0.206,0.286,0.355,0.641,15800000
772,rayro02,2016,ARI,NL,32,53,3,10,2,0,1,2.0,1,26.0,0.189,0.204,0.283,0.487,521000
773,realmjt01,2016,MIA,NL,137,509,60,154,31,0,11,48.0,28,100.0,0.303,0.343,0.428,0.771,532500
774,reddijo01,2016,OAK,AL,68,243,33,72,11,1,8,28.0,28,34.0,0.296,0.368,0.449,0.817,6575000
775,reddijo01,2016,LAN,NL,47,155,20,40,6,0,2,9.0,11,22.0,0.258,0.307,0.335,0.642,6575000
776,reimono01,2016,BAL,AL,104,203,25,45,9,1,6,15.0,22,62.0,0.222,0.3,0.365,0.665,1300000
777,rendoan01,2016,WAS,NL,156,567,91,153,38,2,20,85.0,65,117.0,0.27,0.348,0.45,0.798,2800000
778,reverbe01,2016,WAS,NL,103,350,44,76,9,7,2,24.0,18,34.0,0.217,0.26,0.3,0.56,6250000
779,reyesjo01,2016,NYN,NL,60,255,45,68,13,4,8,24.0,23,49.0,0.267,0.326,0.443,0.769,22000000
780,reynoma01,2016,COL,NL,118,393,61,111,24,0,14,53.0,42,112.0,0.282,0.356,0.45,0.806,2600000
781,rickajo01,2016,BAL,AL,85,257,32,69,13,0,5,19.0,18,54.0,0.268,0.319,0.377,0.696,507500
782,riverya01,2016,MIL,NL,35,66,12,14,4,0,0,3.0,2,20.0,0.212,0.235,0.273,0.508,508600
783,rizzoan01,2016,CHN,NL,155,583,94,170,43,4,32,109.0,74,108.0,0.292,0.385,0.544,0.929,5285714
784,roarkta01,2016,WAS,NL,34,64,1,8,1,0,0,3.0,5,25.0,0.125,0.188,0.141,0.32899999999999996,543400
785,robincl01,2016,WAS,NL,104,196,16,46,4,0,5,26.0,20,38.0,0.235,0.305,0.332,0.637,534900
786,rodrial01,2016,NYA,AL,65,225,19,45,7,0,9,31.0,14,67.0,0.2,0.247,0.351,0.598,21000000
787,rodrise01,2016,PIT,NL,140,300,49,81,16,1,18,56.0,33,102.0,0.27,0.349,0.51,0.859,2500000
788,rojasmi02,2016,MIA,NL,123,194,27,48,12,0,1,14.0,11,27.0,0.247,0.288,0.325,0.613,511000
789,rolliji01,2016,CHA,AL,41,149,25,33,8,1,2,8.0,16,33.0,0.221,0.295,0.329,0.624,2000000
790,rominan01,2016,DET,AL,109,174,21,41,5,2,2,16.0,13,38.0,0.236,0.304,0.322,0.626,900000
791,rominau01,2016,NYA,AL,62,165,17,40,11,0,4,26.0,7,31.0,0.242,0.269,0.382,0.651,556000
792,rosalad01,2016,SDN,NL,105,214,37,49,12,3,13,35.0,29,88.0,0.229,0.319,0.495,0.8140000000000001,800000
793,rosared01,2016,MIN,AL,92,335,52,90,17,2,10,32.0,12,91.0,0.269,0.295,0.421,0.716,542500
794,rossda01,2016,CHN,NL,67,166,24,38,6,0,10,32.0,30,54.0,0.229,0.338,0.446,0.784,2500000
795,ruary01,2016,TEX,AL,99,240,40,62,8,1,8,22.0,21,76.0,0.258,0.331,0.4,0.7310000000000001,510120
796,rufda01,2016,PHI,NL,43,83,8,17,2,0,3,9.0,4,25.0,0.205,0.236,0.337,0.573,527000
797,ruizca01,2016,PHI,NL,48,165,18,43,6,0,3,12.0,24,28.0,0.261,0.368,0.352,0.72,8500000
798,ruppca01,2016,PHI,NL,105,389,36,98,26,1,16,54.0,24,114.0,0.252,0.303,0.447,0.75,518000
799,russead02,2016,CHN,NL,151,525,67,125,25,3,21,95.0,55,135.0,0.238,0.321,0.417,0.738,527000
800,saladty01,2016,CHA,AL,93,298,33,84,14,0,8,38.0,13,62.0,0.282,0.315,0.409,0.724,513000
801,saltaja01,2016,DET,AL,92,246,30,42,5,1,12,38.0,41,104.0,0.171,0.284,0.346,0.6299999999999999,507500
802,samarje01,2016,SFN,NL,34,64,4,10,5,0,0,9.0,1,28.0,0.156,0.164,0.234,0.398,10800000
803,sandsje01,2016,CHA,AL,24,55,2,13,0,0,1,7.0,3,24.0,0.236,0.276,0.291,0.567,535000
804,sanomi01,2016,MIN,AL,116,437,57,103,22,1,25,66.0,54,178.0,0.236,0.319,0.462,0.781,547500
805,santaca01,2016,CLE,AL,158,582,89,151,31,3,34,87.0,99,99.0,0.259,0.366,0.498,0.864,8450000
806,santada01,2016,MIN,AL,75,233,29,56,10,2,2,14.0,12,55.0,0.24,0.279,0.326,0.605,537500
807,santado01,2016,MIL,NL,77,246,34,63,14,0,11,32.0,32,91.0,0.256,0.345,0.447,0.792,513800
808,sardilu01,2016,SEA,AL,32,72,12,13,0,0,2,5.0,1,25.0,0.181,0.203,0.264,0.467,512000
809,sardilu01,2016,SDN,NL,34,108,13,31,6,1,2,13.0,11,23.0,0.287,0.353,0.417,0.77,512000
810,saundmi01,2016,TOR,AL,140,490,70,124,32,3,24,57.0,59,157.0,0.253,0.338,0.478,0.8160000000000001,2900000
811,schebsc01,2016,CIN,NL,82,257,36,68,12,2,9,40.0,19,59.0,0.265,0.33,0.432,0.762,507500
812,scherma01,2016,WAS,NL,34,70,4,13,1,0,0,12.0,2,30.0,0.186,0.208,0.2,0.40800000000000003,22142857
813,schoojo01,2016,BAL,AL,162,615,82,164,38,1,25,82.0,21,137.0,0.267,0.298,0.454,0.752,522500
814,seageco01,2016,LAN,NL,157,627,105,193,40,5,26,72.0,54,133.0,0.308,0.365,0.512,0.877,510000
815,seageky01,2016,SEA,AL,158,597,89,166,36,3,30,99.0,69,108.0,0.278,0.359,0.499,0.858,8000000
816,segurje01,2016,ARI,NL,153,637,102,203,41,7,20,64.0,39,101.0,0.319,0.368,0.499,0.867,2600000
817,semiema01,2016,OAK,AL,159,568,72,135,27,2,27,75.0,51,139.0,0.238,0.3,0.435,0.735,512500
818,shawtr01,2016,BOS,AL,145,480,63,116,34,2,16,71.0,43,133.0,0.242,0.306,0.421,0.727,515000
819,shuckja01,2016,CHA,AL,81,224,27,46,5,2,4,14.0,12,21.0,0.205,0.248,0.299,0.5469999999999999,521000
820,simmoan01,2016,LAA,AL,124,448,48,126,22,2,4,44.0,28,38.0,0.281,0.324,0.366,0.69,6000000
821,smithse01,2016,SEA,AL,137,378,62,94,15,0,16,63.0,48,89.0,0.249,0.342,0.415,0.757,6750000
822,smoakju01,2016,TOR,AL,126,299,33,65,10,0,14,34.0,40,112.0,0.217,0.314,0.391,0.7050000000000001,3900000
823,solarya01,2016,SDN,NL,109,405,55,116,26,1,15,71.0,30,63.0,0.286,0.341,0.467,0.808,525500
824,solerjo01,2016,CHN,NL,86,227,37,54,9,0,12,31.0,31,66.0,0.238,0.333,0.436,0.769,3666666
825,sotoge01,2016,LAA,AL,26,78,11,21,5,0,4,9.0,6,21.0,0.269,0.321,0.487,0.808,2800000
826,souzast01,2016,TBA,AL,120,430,58,106,17,1,17,49.0,31,159.0,0.247,0.303,0.409,0.712,516100
827,spande01,2016,SFN,NL,143,572,70,152,23,5,11,53.0,53,79.0,0.266,0.331,0.381,0.712,5000000
828,springe01,2016,HOU,AL,162,644,116,168,29,5,29,82.0,88,178.0,0.261,0.359,0.457,0.8160000000000001,522400
829,stantmi03,2016,MIA,NL,119,413,56,99,20,1,27,74.0,50,140.0,0.24,0.326,0.489,0.815,9000000
830,stewach01,2016,PIT,NL,34,98,10,21,4,0,1,7.0,12,15.0,0.214,0.319,0.286,0.605,1350000
831,storytr01,2016,COL,NL,97,372,67,101,21,4,27,72.0,35,130.0,0.272,0.341,0.567,0.9079999999999999,507500
832,straida01,2016,CIN,NL,34,52,2,1,0,0,0,1.0,2,40.0,0.019,0.056,0.019,0.075,512100
833,suareeu01,2016,CIN,NL,159,565,78,140,25,2,21,70.0,51,155.0,0.248,0.317,0.411,0.728,545000
834,suzukic01,2016,MIA,NL,143,327,48,95,15,5,1,22.0,30,42.0,0.291,0.354,0.376,0.73,2000000
835,suzukku01,2016,MIN,AL,106,345,34,89,24,1,8,49.0,18,48.0,0.258,0.301,0.403,0.704,6000000
836,swihabl01,2016,BOS,AL,19,62,9,16,0,3,0,5.0,11,17.0,0.258,0.365,0.355,0.72,518500
837,syndeno01,2016,NYN,NL,31,58,6,11,3,0,3,6.0,7,34.0,0.19,0.277,0.397,0.674,535375
838,szczuma01,2016,CHN,NL,107,185,30,48,9,1,5,24.0,13,39.0,0.259,0.312,0.4,0.712,511500
839,taylomi02,2016,WAS,NL,76,221,28,51,11,0,7,16.0,14,77.0,0.231,0.278,0.376,0.654,524000
840,teixema01,2016,NYA,AL,116,387,43,79,16,0,15,44.0,47,105.0,0.204,0.292,0.362,0.6539999999999999,23125000
841,tholejo01,2016,TOR,AL,50,118,7,20,3,0,1,7.0,13,28.0,0.169,0.254,0.22,0.474,800000
842,thomptr01,2016,LAN,NL,80,236,31,53,11,0,13,32.0,26,66.0,0.225,0.302,0.436,0.738,512500
843,tomasya01,2016,ARI,NL,140,530,72,144,30,1,31,83.0,31,136.0,0.272,0.313,0.508,0.821,7500000
844,tomlike01,2016,SFN,NL,52,106,13,31,4,0,0,6.0,12,18.0,0.292,0.37,0.33,0.7,512500
845,torrero01,2016,NYA,AL,72,155,20,40,7,4,1,12.0,10,20.0,0.258,0.305,0.374,0.679,508600
846,travide01,2016,TOR,AL,101,410,54,123,28,1,11,50.0,20,87.0,0.3,0.332,0.454,0.786,511200
847,troutmi01,2016,LAA,AL,159,549,123,173,32,5,29,100.0,116,137.0,0.315,0.441,0.55,0.9910000000000001,16083333
848,trumbma01,2016,BAL,AL,159,613,94,157,27,1,47,108.0,51,170.0,0.256,0.316,0.533,0.849,9150000
849,tuckepr01,2016,HOU,AL,48,134,11,22,8,1,4,8.0,8,40.0,0.164,0.222,0.328,0.55,515000
850,tulowtr01,2016,TOR,AL,131,492,54,125,21,0,24,79.0,43,101.0,0.254,0.318,0.443,0.761,20000000
851,turneju01,2016,LAN,NL,151,556,79,153,34,3,27,90.0,48,107.0,0.275,0.339,0.493,0.8320000000000001,5100000
852,uptonbj01,2016,SDN,NL,92,344,46,88,11,2,16,45.0,23,106.0,0.256,0.304,0.439,0.743,15450000
853,uptonbj01,2016,TOR,AL,57,148,18,29,4,1,4,16.0,14,49.0,0.196,0.261,0.318,0.579,15450000
854,uptonju01,2016,DET,AL,153,570,81,140,28,2,31,87.0,50,179.0,0.246,0.31,0.465,0.775,22125000
855,uribeju01,2016,CLE,AL,73,238,19,49,9,0,7,25.0,15,49.0,0.206,0.259,0.332,0.591,4000000
856,utleych01,2016,LAN,NL,138,512,79,129,26,3,14,52.0,40,115.0,0.252,0.319,0.396,0.7150000000000001,7000000
857,valbulu01,2016,HOU,AL,90,292,38,76,17,1,13,40.0,44,81.0,0.26,0.357,0.459,0.8160000000000001,6125000
858,valenda01,2016,OAK,AL,130,471,72,135,22,1,17,51.0,41,115.0,0.287,0.346,0.446,0.792,3150000
859,vanslsc01,2016,LAN,NL,52,102,10,23,6,0,1,7.0,5,24.0,0.225,0.292,0.314,0.606,1225000
860,vazquch01,2016,BOS,AL,57,172,21,39,9,1,1,12.0,10,39.0,0.227,0.277,0.308,0.585,513000
861,villajo01,2016,MIL,NL,156,589,92,168,38,3,19,63.0,79,174.0,0.285,0.369,0.457,0.8260000000000001,512900
862,vogtst01,2016,OAK,AL,137,490,54,123,30,2,14,56.0,35,83.0,0.251,0.305,0.406,0.7110000000000001,527500
863,vottojo01,2016,CIN,NL,158,556,101,181,34,2,29,97.0,108,120.0,0.326,0.434,0.55,0.984,20000000
864,wainwad01,2016,SLN,NL,34,62,6,13,7,1,2,18.0,2,17.0,0.21,0.234,0.452,0.686,19500000
865,walkene01,2016,NYN,NL,113,412,57,116,9,1,23,55.0,42,84.0,0.282,0.347,0.476,0.823,10550000
866,wallabr01,2016,SDN,NL,119,217,19,41,10,0,6,20.0,29,83.0,0.189,0.309,0.318,0.627,1000000
867,weeksri01,2016,ARI,NL,108,180,29,43,9,1,9,27.0,20,54.0,0.239,0.327,0.45,0.777,1500000
868,werthja01,2016,WAS,NL,143,525,84,128,28,0,21,69.0,71,139.0,0.244,0.335,0.417,0.752,21733615
869,whitety01,2016,HOU,AL,86,249,24,54,16,0,8,28.0,23,65.0,0.217,0.286,0.378,0.6639999999999999,507500
870,wietema01,2016,BAL,AL,124,423,48,103,17,1,17,66.0,32,85.0,0.243,0.302,0.409,0.711,15800000
871,wolteto01,2016,COL,NL,71,205,27,53,15,2,3,30.0,21,53.0,0.259,0.327,0.395,0.722,507500
872,wongko01,2016,SLN,NL,121,313,39,75,7,7,5,23.0,34,52.0,0.24,0.327,0.355,0.6819999999999999,1250000
873,wrighda03,2016,NYN,NL,37,137,18,31,8,0,7,14.0,26,55.0,0.226,0.35,0.438,0.788,19364801
874,yelicch01,2016,MIA,NL,155,578,78,172,38,3,21,98.0,72,138.0,0.298,0.376,0.483,0.859,1000000
875,youngch04,2016,BOS,AL,76,203,29,56,18,0,9,24.0,21,50.0,0.276,0.352,0.498,0.85,6500000
876,zimmery01,2016,WAS,NL,115,427,60,93,18,1,15,46.0,29,104.0,0.218,0.272,0.37,0.642,14000000
877,zobribe01,2016,CHN,NL,147,523,94,142,31,3,18,76.0,96,82.0,0.272,0.386,0.446,0.8320000000000001,10500000
