,name,W,L,ERA,IP,H,ER,HR,BB,SO,WHIP
0,Fernando Abad,0.0,0.0,7.363,3.0,4.0,1.0,0.0,0.0,4.0,1.65
1,Cory Abbott,0.0,0.0,7.965,9.6,6.0,9.0,3.0,10.0,8.0,1.96
2,Domingo Acevedo,0.0,0.0,7.01,2.4,3.0,2.0,2.0,0.0,2.0,1.29
3,Austin Adams,0.0,0.0,3.443,11.1,14.0,0.0,0.0,14.0,15.0,1.16
4,Keegan Akin,0.0,2.0,6.046,20.6,30.0,16.0,6.0,7.0,22.0,1.57
5,Jorge Alcala,0.0,0.0,3.988,13.2,12.0,4.0,0.0,1.0,13.0,0.99
6,Sandy Alcantara,0.0,0.0,3.464,71.3,59.0,23.0,12.0,24.0,61.0,1.2
7,Scott Alexander,0.0,0.0,3.375,14.2,20.0,0.0,0.0,1.0,20.0,1.31
8,Tyler Alexander,0.0,0.0,4.959,25.3,35.0,13.0,0.0,11.0,23.0,1.36
9,Kolby Allard,0.0,0.0,4.563,31.1,38.0,18.0,5.0,8.0,25.0,1.29
10,Logan Allen,0.0,2.0,6.473,19.6,21.0,14.0,5.0,7.0,14.0,1.4
11,Yency Almonte,0.0,0.0,8.391,15.7,18.0,18.0,0.0,18.0,18.0,1.71
12,Jose Alvarez,0.0,0.0,3.318,23.3,33.0,0.0,0.0,0.0,33.0,1.35
13,Jose Alvarado,0.0,0.0,2.883,21.8,26.0,1.0,0.0,27.0,27.0,1.33
14,Adbert Alzolay,0.0,2.0,3.503,23.4,17.0,12.0,4.0,13.0,30.0,1.04
15,Brett Anderson,0.0,1.0,4.328,62.7,65.0,27.0,12.0,13.0,38.0,1.4
16,Ian Anderson,1.0,1.0,3.35,26.4,22.0,11.0,1.0,8.0,29.0,1.23
17,Tyler Anderson,0.0,0.0,4.91,69.5,67.0,40.0,13.0,26.0,64.0,1.39
18,Tejay Antone,0.0,0.0,1.935,10.7,6.0,4.0,0.0,5.0,17.0,0.88
19,Chris Archer,0.0,0.0,4.907,48.9,46.0,27.0,9.0,18.0,54.0,1.41
20,Anthony Banda,0.0,0.0,5.29,5.9,11.0,6.0,0.0,0.0,6.0,1.86
21,Daniel Bard,0.0,0.0,4.681,13.9,14.0,12.0,0.0,2.0,14.0,1.64
22,Joe Barlow,0.0,0.0,1.09,4.2,1.0,0.0,0.0,0.0,5.0,0.77
23,Scott Barlow,0.0,0.0,3.258,25.5,26.0,1.0,0.0,0.0,27.0,1.37
24,Jacob Barnes,0.0,0.0,5.153,18.1,20.0,20.0,0.0,1.0,20.0,1.43
25,Matt Barnes,0.0,0.0,2.914,29.6,33.0,0.0,0.0,1.0,66.0,1.03
26,Kyle Barraclough,0.0,0.0,4.877,12.8,18.0,18.0,0.0,17.0,18.0,1.55
27,Jaime Barria,0.0,2.0,5.087,44.3,49.0,22.0,10.0,19.0,40.0,1.37
28,Anthony Bass,0.0,0.0,4.662,21.6,24.0,0.0,0.0,0.0,24.0,1.2
29,Chris Bassitt,1.0,0.0,3.49,63.1,55.0,25.0,12.0,23.0,61.0,1.18
30,Trevor Bauer,3.0,0.0,2.705,87.3,66.0,29.0,14.0,28.0,114.0,0.95
31,David Bednar,0.0,0.0,2.823,10.9,12.0,0.0,0.0,0.0,12.0,1.01
32,Cam Bedrosian,0.0,0.0,3.33,23.4,26.0,0.0,0.0,0.0,26.0,1.3
33,Jose Berrios,0.0,0.0,3.538,98.6,85.0,34.0,16.0,34.0,103.0,1.09
34,Shane Bieber,12.0,0.0,2.777,80.3,66.0,26.0,13.0,14.0,103.0,0.99
35,Paul Blackburn,0.0,2.0,11.473,8.4,15.0,12.0,0.0,3.0,11.0,2.0
36,Richard Bleier,0.0,0.0,4.863,20.7,26.0,0.0,0.0,0.0,24.0,1.19
37,Brad Boxberger,0.0,0.0,3.55,22.5,28.0,0.0,0.0,0.0,28.0,1.22
38,Archie Bradley,0.0,0.0,3.611,28.8,32.0,0.0,0.0,1.0,32.0,1.45
39,Ryan Brasier,0.0,0.0,3.905,17.1,21.0,0.0,0.0,0.0,21.0,1.22
40,Steven Brault,0.0,0.0,5.164,33.5,36.0,17.0,0.0,21.0,30.0,1.5
41,Rex Brothers,0.0,0.0,4.533,7.9,10.0,8.0,0.0,9.0,18.0,1.35
42,JT Brubaker,0.0,2.0,6.533,25.4,29.0,21.0,3.0,13.0,29.0,1.44
43,Kris Bubic,0.0,0.0,5.485,26.7,26.0,13.0,7.0,12.0,25.0,1.56
44,Walker Buehler,0.0,0.0,3.555,86.4,61.0,30.0,15.0,15.0,90.0,1.02
45,Madison Bumgarner,0.0,0.0,5.685,75.6,70.0,41.0,14.0,17.0,71.0,1.34
46,Aaron Bummer,0.0,0.0,2.874,20.0,25.0,0.0,0.0,1.0,25.0,1.39
47,Dylan Bundy,0.0,0.0,4.872,83.1,76.0,45.0,15.0,29.0,88.0,1.24
48,Corbin Burnes,1.0,0.0,2.43,71.1,59.0,21.0,0.0,17.0,108.0,0.91
49,Edward Cabrera,0.0,5.0,2.725,9.9,16.0,-6.0,-3.0,5.0,22.0,1.61
50,Genesis Cabrera,0.0,0.0,3.575,14.1,15.0,0.0,0.0,15.0,16.0,1.24
51,Trevor Cahill,0.0,0.0,4.155,40.9,35.0,20.0,11.0,12.0,39.0,1.26
52,Carlos Carrasco,0.0,1.0,4.658,56.4,60.0,24.0,11.0,18.0,76.0,1.37
53,Diego Castillo,0.0,0.0,2.737,29.1,29.0,0.0,0.0,0.0,30.0,1.07
54,Luis Castillo,0.0,0.0,4.536,93.8,84.0,36.0,16.0,34.0,103.0,1.34
55,Miguel Castro,0.0,0.0,4.154,34.0,34.0,33.0,0.0,34.0,34.0,1.43
56,Dylan Cease,0.0,1.0,5.404,44.5,45.0,28.0,10.0,19.0,54.0,1.5
57,Luis Cessa,0.0,0.0,3.155,30.2,36.0,20.0,0.0,19.0,20.0,1.25
58,Jhoulys Chacin,0.0,0.0,4.964,44.4,42.0,22.0,0.0,17.0,42.0,1.48
59,Andrew Chafin,0.0,0.0,3.184,18.0,36.0,0.0,0.0,0.0,36.0,1.32
60,Aroldis Chapman,0.0,0.0,2.191,26.0,28.0,0.0,0.0,0.0,56.0,1.0
61,Jesse Chavez,0.0,0.0,5.011,35.8,27.0,23.0,0.0,0.0,29.0,1.4
62,Adam Cimber,0.0,0.0,3.055,27.1,34.0,1.0,0.0,0.0,34.0,1.11
63,Steve Cishek,0.0,0.0,3.677,26.1,37.0,0.0,0.0,0.0,37.0,1.31
64,Jose Cisnero,0.0,0.0,3.619,16.2,20.0,1.0,0.0,0.0,20.0,1.28
65,Aaron Civale,6.0,0.0,3.12,44.1,41.0,20.0,7.0,12.0,36.0,1.0
66,Emmanuel Clase,0.0,0.0,1.585,12.6,14.0,0.0,0.0,0.0,14.0,1.1
67,Tyler Clippard,0.0,0.0,2.73,24.1,27.0,0.0,0.0,0.0,27.0,0.94
68,Alex Cobb,0.0,2.0,5.672,43.8,46.0,27.0,10.0,17.0,35.0,1.49
69,Kyle Cody,-1.0,2.0,5.52,0.3,-1.0,0.0,0.0,5.0,4.0,1.62
70,Gerrit Cole,16.0,0.0,2.676,105.5,69.0,33.0,16.0,33.0,153.0,0.92
71,Alex Colome,0.0,0.0,3.844,29.7,33.0,0.0,0.0,0.0,33.0,1.32
72,Adam Conley,0.0,0.0,6.11,17.6,20.0,20.0,0.0,0.0,20.0,1.59
73,Patrick Corbin,0.0,0.0,3.928,100.8,85.0,34.0,17.0,34.0,120.0,1.16
74,Nestor Cortes,0.0,0.0,3.492,21.1,19.0,9.0,0.0,9.0,20.0,1.25
75,Jharel Cotton,0.0,0.0,4.745,4.2,8.0,4.0,0.0,3.0,7.0,1.79
76,Garrett Crochet,0.0,0.0,2.71,7.8,9.0,0.0,0.0,0.0,9.0,1.32
77,Johnny Cueto,1.0,0.0,3.4,43.8,49.0,23.0,8.0,11.0,42.0,1.17
78,John Curtiss,0.0,0.0,3.935,12.1,11.0,0.0,0.0,0.0,11.0,1.22
79,Yu Darvish,1.0,0.0,3.552,77.6,65.0,25.0,12.0,21.0,95.0,1.16
80,Tucker Davidson,0.0,0.0,1.14,4.2,1.0,-1.0,0.0,4.0,4.0,0.79
81,Zach Davies,0.0,0.0,3.877,70.8,70.0,27.0,13.0,28.0,53.0,1.38
82,Wade Davis,0.0,0.0,4.645,22.6,25.0,24.0,0.0,0.0,25.0,1.33
83,Grant Dayton,0.0,0.0,3.911,8.2,7.0,0.0,0.0,4.0,7.0,1.11
84,Jacob deGrom,0.0,0.0,1.776,91.9,69.0,28.0,10.0,15.0,119.0,0.97
85,Chase De Jong,0.0,0.0,5.59,30.0,24.0,30.0,12.0,18.0,18.0,1.53
86,Enyel De Los Santos,0.0,0.0,7.713,17.6,22.0,20.0,0.0,20.0,31.0,1.86
87,Anthony DeSclafani,0.0,1.0,4.022,72.7,72.0,42.0,14.0,27.0,70.0,1.21
88,Ross Detwiler,0.0,0.0,4.906,28.1,33.0,24.0,13.0,13.0,28.0,1.36
89,Edwin Diaz,0.0,0.0,2.923,31.5,35.0,1.0,0.0,0.0,69.0,1.1
90,Jake Diekman,0.0,0.0,3.946,25.3,36.0,0.0,0.0,0.0,36.0,1.37
91,Randy Dobnak,2.0,0.0,6.126,21.6,23.0,11.0,1.0,5.0,15.0,1.15
92,Sean Doolittle,0.0,0.0,3.673,20.8,26.0,0.0,0.0,0.0,26.0,1.3
93,Tyler Duffey,0.0,0.0,3.26,22.7,24.0,0.0,0.0,0.0,25.0,1.19
94,Danny Duffy,1.0,0.0,4.171,61.7,67.0,39.0,12.0,21.0,59.0,1.3
95,Dane Dunning,0.0,1.0,3.94,28.2,29.0,13.0,1.0,11.0,30.0,1.31
96,Justin Dunn,2.0,0.0,4.213,22.3,20.0,11.0,3.0,6.0,14.0,1.29
97,Zach Eflin,2.0,0.0,3.547,68.3,74.0,33.0,12.0,15.0,65.0,1.21
98,Nathan Eovaldi,0.0,0.0,4.898,57.0,62.0,28.0,13.0,13.0,57.0,1.34
99,Carlos Estevez,0.0,0.0,4.356,22.4,25.0,23.0,0.0,1.0,25.0,1.38
100,Jeurys Familia,0.0,0.0,3.765,30.5,34.0,0.0,0.0,33.0,34.0,1.47
101,Erick Fedde,1.0,0.0,4.692,49.6,50.0,24.0,11.0,22.0,37.0,1.44
102,J.P. Feyereisen,0.0,0.0,3.044,30.3,35.0,15.0,0.0,33.0,35.0,1.16
103,Jack Flaherty,1.0,0.0,3.741,74.9,55.0,27.0,14.0,28.0,95.0,1.12
104,Josh Fleming,5.0,0.0,3.742,20.6,21.0,10.0,0.0,6.0,14.0,1.15
105,Chris Flexen,0.0,0.0,3.657,37.0,39.0,15.0,6.0,7.0,27.0,1.33
106,Dylan Floro,0.0,0.0,2.491,27.3,30.0,0.0,0.0,0.0,30.0,1.17
107,Mike Foltynewicz,0.0,0.0,4.332,72.1,65.0,29.0,13.0,26.0,65.0,1.3
108,Matt Foster,0.0,0.0,3.78,9.1,9.0,7.0,0.0,1.0,8.0,0.99
109,Kyle Freeland,0.0,0.0,5.084,73.7,84.0,42.0,14.0,28.0,55.0,1.49
110,Max Fried,0.0,0.0,3.712,61.3,64.0,26.0,4.0,26.0,65.0,1.3
111,Michael Fulmer,0.0,0.0,4.408,24.3,31.0,13.0,0.0,11.0,25.0,1.32
112,Giovanny Gallegos,0.0,0.0,2.514,24.7,25.0,0.0,0.0,0.0,25.0,0.74
113,Zac Gallen,0.0,0.0,3.712,41.4,32.0,14.0,8.0,17.0,49.0,1.37
114,John Gant,0.0,0.0,2.384,41.5,41.0,20.0,0.0,22.0,41.0,1.15
115,Bryan Garcia,0.0,0.0,5.909,9.9,11.0,9.0,0.0,11.0,11.0,1.58
116,Jarlin Garcia,0.0,0.0,3.809,24.0,24.0,2.0,0.0,1.0,24.0,1.15
117,Luis Garcia,0.0,0.0,3.608,18.0,26.0,16.0,0.0,0.0,27.0,1.22
118,Luis Garcia,3.0,0.0,3.147,30.5,25.0,12.0,6.0,10.0,36.0,1.09
119,Yimi Garcia,0.0,0.0,3.746,22.5,24.0,0.0,0.0,0.0,25.0,1.08
120,Amir Garrett,0.0,0.0,5.014,21.7,33.0,0.0,0.0,0.0,33.0,1.39
121,Kevin Gausman,1.0,0.0,3.174,98.3,86.0,34.0,16.0,33.0,106.0,1.06
122,Domingo German,0.0,0.0,4.245,50.5,44.0,25.0,11.0,15.0,54.0,1.19
123,Kyle Gibson,0.0,0.0,5.246,91.5,87.0,36.0,17.0,34.0,84.0,1.51
124,Logan Gilbert,0.0,0.0,4.595,18.1,19.0,11.0,4.0,4.0,20.0,1.13
125,Kevin Ginkel,0.0,0.0,5.96,8.4,12.0,0.0,0.0,1.0,12.0,1.73
126,Lucas Giolito,0.0,0.0,4.802,90.5,80.0,49.0,16.0,32.0,111.0,1.26
127,Mychal Givens,0.0,0.0,3.863,29.3,31.0,1.0,0.0,1.0,31.0,1.31
128,Tyler Glasnow,0.0,0.0,2.564,50.0,41.0,15.0,13.0,16.0,66.0,1.0
129,Austin Gomber,1.0,0.0,3.708,39.2,41.0,20.0,3.0,10.0,40.0,1.29
130,Marco Gonzales,0.0,1.0,4.784,84.9,87.0,41.0,15.0,15.0,74.0,1.33
131,Brusdar Graterol,0.0,0.0,5.157,10.3,10.0,0.0,0.0,1.0,11.0,1.39
132,Kendall Graveman,0.0,0.0,0.508,8.5,4.0,1.0,-1.0,0.0,9.0,0.59
133,Jon Gray,0.0,0.0,4.385,78.9,82.0,45.0,15.0,30.0,75.0,1.3
134,Josiah Gray,0.0,61.0,48.83,-49.6,-113.0,217.0,146.0,-89.0,517.0,5.09
135,Sonny Gray,0.0,0.0,4.042,73.8,60.0,30.0,14.0,30.0,90.0,1.34
136,Chad Green,0.0,0.0,3.472,33.9,31.0,0.0,0.0,0.0,55.0,1.02
137,Conner Greene,0.0,0.0,4.595,2.8,4.0,2.0,0.0,2.0,4.0,1.42
138,Zack Greinke,0.0,0.0,3.753,104.8,86.0,35.0,17.0,17.0,100.0,1.09
139,Robert Gsellman,0.0,0.0,2.955,25.1,22.0,22.0,0.0,7.0,24.0,1.24
140,Junior Guerra,0.0,0.0,3.734,39.5,29.0,26.0,0.0,26.0,52.0,1.21
141,Jandel Gustave,0.0,0.0,0.972,6.1,5.0,1.0,0.0,1.0,6.0,0.88
142,Vladimir Gutierrez,1.0,5.0,4.695,18.3,22.0,11.0,4.0,3.0,16.0,1.42
143,Josh Hader,0.0,0.0,1.491,33.8,30.0,0.0,0.0,3.0,60.0,0.7
144,Brad Hand,0.0,0.0,2.538,29.7,33.0,0.0,0.0,0.0,33.0,1.07
145,J.A. Happ,0.0,2.0,5.966,96.1,108.0,55.0,20.0,31.0,71.0,1.48
146,Ryne Harper,0.0,0.0,2.521,14.5,19.0,1.0,0.0,0.0,18.0,1.04
147,Matt Harvey,1.0,0.0,6.867,49.8,59.0,35.0,11.0,13.0,38.0,1.65
148,Taylor Hearn,0.0,0.0,4.796,14.3,11.0,9.0,0.0,10.0,18.0,1.62
149,Ryan Helsley,0.0,0.0,5.614,10.9,14.0,13.0,0.0,14.0,14.0,1.65
150,Heath Hembree,0.0,0.0,4.326,21.7,30.0,29.0,0.0,0.0,30.0,1.15
151,Kyle Hendricks,0.0,0.0,3.847,101.6,102.0,35.0,17.0,17.0,85.0,1.25
152,Liam Hendriks,0.0,0.0,2.724,28.7,29.0,0.0,0.0,0.0,58.0,1.08
153,Sam Hentges,0.0,0.0,6.746,12.3,19.0,9.0,1.0,7.0,14.0,1.94
154,Darwinzon Hernandez,0.0,0.0,3.23,9.9,13.0,0.0,0.0,13.0,13.0,1.7
155,Elieser Hernandez,0.0,0.0,4.705,29.8,33.0,21.0,11.0,11.0,32.0,1.34
156,Codi Heuer,0.0,0.0,4.208,11.6,12.0,0.0,0.0,0.0,13.0,1.35
157,Rich Hill,0.0,0.0,4.463,59.8,49.0,26.0,12.0,25.0,61.0,1.23
158,Tim Hill,0.0,0.0,3.48,19.8,33.0,0.0,0.0,0.0,33.0,1.26
159,Jeff Hoffman,0.0,0.0,6.175,20.1,29.0,18.0,0.0,11.0,20.0,1.61
160,Derek Holland,0.0,0.0,6.904,42.0,39.0,21.0,0.0,21.0,40.0,1.61
161,Greg Holland,0.0,0.0,3.976,22.4,28.0,0.0,0.0,0.0,28.0,1.57
162,Clay Holmes,0.0,0.0,5.564,20.1,19.0,18.0,0.0,18.0,19.0,1.45
163,Tanner Houck,-1.0,2.0,4.272,11.4,13.0,6.0,2.0,3.0,14.0,1.4
164,Adrian Houser,0.0,1.0,4.006,53.7,55.0,26.0,11.0,19.0,47.0,1.39
165,Spencer Howard,-1.0,0.0,6.24,7.8,10.0,9.0,2.0,6.0,10.0,1.47
166,Daniel Hudson,0.0,0.0,4.301,27.5,27.0,1.0,0.0,0.0,28.0,1.17
167,Drew Hutchison,0.0,0.0,4.8,9.0,10.0,8.0,2.0,6.0,7.0,1.36
168,Raisel Iglesias,0.0,0.0,3.865,33.5,34.0,0.0,0.0,0.0,34.0,1.17
169,Cole Irvin,1.0,1.0,4.504,35.3,39.0,17.0,2.0,8.0,26.0,1.24
170,Jay Jackson,0.0,0.0,4.127,6.6,8.0,0.0,0.0,8.0,14.0,1.12
171,Luke Jackson,0.0,0.0,3.317,29.4,30.0,0.0,0.0,0.0,30.0,1.42
172,Kenley Jansen,0.0,0.0,2.335,34.2,35.0,0.0,0.0,0.0,35.0,0.95
173,Cristian Javier,0.0,0.0,2.869,16.4,11.0,6.0,0.0,8.0,24.0,1.03
174,Daulton Jefferies,0.0,0.0,4.62,1.9,2.0,1.0,0.0,1.0,1.0,1.03
175,Joe Jimenez,0.0,0.0,6.236,25.7,32.0,30.0,0.0,0.0,32.0,1.51
176,Pierce Johnson,0.0,0.0,3.543,16.5,19.0,0.0,0.0,0.0,19.0,1.19
177,James Kaprielian,2.0,1.0,3.118,20.6,19.0,10.0,3.0,9.0,21.0,1.19
178,James Karinchak,0.0,0.0,1.864,12.9,1.0,0.0,0.0,14.0,26.0,0.93
179,Keone Kela,0.0,0.0,3.43,14.4,16.0,0.0,0.0,0.0,16.0,1.15
180,Brad Keller,0.0,1.0,4.688,92.4,90.0,41.0,2.0,35.0,67.0,1.52
181,Mitch Keller,1.0,3.0,6.298,25.9,24.0,13.0,4.0,15.0,29.0,1.68
182,Joe Kelly,0.0,0.0,5.314,23.1,29.0,0.0,0.0,0.0,29.0,1.39
183,Merrill Kelly,1.0,1.0,4.431,56.6,59.0,29.0,10.0,20.0,50.0,1.3
184,Ian Kennedy,0.0,0.0,3.257,31.6,29.0,23.0,0.0,0.0,24.0,1.19
185,Clayton Kershaw,12.0,0.0,2.726,82.6,69.0,27.0,14.0,14.0,84.0,1.0
186,Dallas Keuchel,0.0,0.0,3.946,86.2,90.0,31.0,14.0,29.0,60.0,1.29
187,Yusei Kikuchi,0.0,0.0,4.459,59.8,58.0,32.0,11.0,22.0,55.0,1.23
188,Craig Kimbrel,0.0,0.0,4.501,23.3,25.0,2.0,0.0,2.0,47.0,1.35
189,Michael King,0.0,0.0,4.952,14.0,13.0,9.0,1.0,5.0,13.0,1.23
190,Tyler Kinley,0.0,0.0,5.325,19.2,24.0,24.0,0.0,22.0,24.0,1.49
191,Andrew Kittredge,0.0,0.0,3.052,23.3,21.0,18.0,0.0,0.0,21.0,1.23
192,Corey Kluber,0.0,1.0,3.658,48.2,46.0,19.0,8.0,18.0,52.0,1.35
193,Corey Knebel,0.0,0.0,3.844,12.1,15.0,0.0,0.0,0.0,16.0,1.09
194,Michael Kopech,0.0,0.0,3.054,5.9,7.0,8.0,1.0,0.0,12.0,1.11
195,Jackson Kowar,0.0,0.0,3.56,15.2,13.0,7.0,2.0,6.0,14.0,1.06
196,Ian Krol,0.0,0.0,6.787,2.7,5.0,3.0,0.0,0.0,5.0,2.01
197,Chad Kuhl,0.0,0.0,4.461,32.6,31.0,17.0,8.0,16.0,35.0,1.39
198,Travis Lakins,0.0,0.0,6.395,10.6,15.0,16.0,0.0,15.0,13.0,1.52
199,Dinelson Lamet,0.0,0.0,4.001,19.9,27.0,12.0,2.0,9.0,27.0,1.57
200,Eric Lauer,0.0,1.0,4.838,60.8,66.0,39.0,12.0,26.0,53.0,1.44
201,Wade LeBlanc,0.0,0.0,6.522,43.1,47.0,25.0,12.0,13.0,36.0,1.31
202,Dominic Leone,0.0,0.0,3.763,16.8,21.0,0.0,0.0,1.0,21.0,1.22
203,Jon Lester,1.0,0.0,3.596,84.4,96.0,44.0,16.0,32.0,74.0,1.29
204,Zack Littell,0.0,0.0,3.86,17.0,17.0,1.0,0.0,1.0,16.0,1.35
205,Jonathan Loaisiga,0.0,0.0,2.686,20.2,16.0,13.0,0.0,13.0,27.0,1.05
206,Jorge Lopez,0.0,2.0,5.999,54.0,64.0,38.0,15.0,18.0,46.0,1.52
207,Pablo Lopez,0.0,0.0,3.365,53.0,50.0,22.0,7.0,20.0,49.0,1.15
208,Reynaldo Lopez,0.0,0.0,4.097,62.1,55.0,24.0,10.0,24.0,56.0,1.24
209,Michael Lorenzen,0.0,0.0,3.074,31.5,25.0,19.0,0.0,23.0,25.0,1.33
210,Aaron Loup,0.0,0.0,2.555,14.2,23.0,0.0,0.0,0.0,23.0,1.16
211,Joey Lucchesi,-19.0,4.0,21.847,-348.8,-66.0,-106.0,-60.0,-159.0,-249.0,10.35
212,Lucas Luetge,0.0,0.0,2.743,8.9,9.0,0.0,0.0,0.0,9.0,1.06
213,Seth Lugo,0.0,0.0,3.083,39.8,26.0,21.0,0.0,0.0,53.0,1.12
214,Jesus Luzardo,0.0,1.0,7.483,18.7,25.0,20.0,6.0,13.0,17.0,1.81
215,Jordan Lyles,0.0,1.0,4.817,70.5,72.0,37.0,17.0,33.0,68.0,1.34
216,Daniel Lynch,58.0,13.0,-470.053,280.3,-14.0,-37.0,149.0,92.0,230.0,-45.24
217,Lance Lynn,1.0,0.0,2.704,96.0,79.0,32.0,16.0,32.0,112.0,1.13
218,Kenta Maeda,1.0,0.0,4.156,59.0,46.0,22.0,4.0,20.0,69.0,1.26
219,Tyler Mahle,0.0,0.0,3.926,69.1,70.0,41.0,14.0,28.0,75.0,1.25
220,Sean Manaea,5.0,0.0,3.015,70.4,59.0,23.0,11.0,13.0,65.0,1.06
221,Matt Manning,0.0,0.0,5.573,15.5,19.0,7.0,2.0,5.0,17.0,1.53
222,Alek Manoah,4.0,2.0,2.213,15.6,10.0,5.0,-2.0,9.0,21.0,0.95
223,Nick Margevicius,0.0,4.0,4.076,25.3,30.0,17.0,4.0,11.0,20.0,1.18
224,German Marquez,0.0,0.0,4.153,95.9,96.0,48.0,16.0,32.0,97.0,1.33
225,Evan Marshall,0.0,0.0,3.433,14.8,18.0,1.0,0.0,0.0,18.0,1.37
226,Brett Martin,0.0,0.0,3.947,18.0,20.0,1.0,0.0,0.0,20.0,1.4
227,Carlos Martinez,0.0,1.0,4.099,62.6,63.0,25.0,2.0,28.0,63.0,1.41
228,Chris Martin,0.0,0.0,3.68,23.4,26.0,1.0,0.0,0.0,26.0,1.14
229,Phil Maton,0.0,0.0,4.101,24.9,25.0,25.0,0.0,1.0,25.0,1.32
230,Tyler Matzek,0.0,0.0,2.664,12.6,14.0,0.0,0.0,13.0,14.0,1.26
231,Steven Matz,0.0,0.0,4.34,70.7,73.0,36.0,15.0,28.0,74.0,1.3
232,Dustin May,2.0,0.0,2.546,23.0,22.0,8.0,4.0,6.0,22.0,1.26
233,Mike Mayers,0.0,0.0,3.803,23.3,26.0,4.0,0.0,0.0,26.0,1.33
234,Trevor May,0.0,0.0,3.567,24.9,27.0,0.0,0.0,0.0,28.0,1.3
235,Tim Mayza,0.0,0.0,4.297,14.8,25.0,0.0,0.0,0.0,25.0,1.36
236,Shane McClanahan,4.0,0.0,3.992,24.1,23.0,9.0,3.0,7.0,26.0,1.31
237,Lance McCullers,17.0,0.0,2.887,97.0,83.0,34.0,0.0,53.0,119.0,1.25
238,T.J. McFarland,0.0,0.0,2.479,19.0,25.0,5.0,0.0,0.0,15.0,0.99
239,Jake McGee,0.0,0.0,3.457,23.1,29.0,1.0,0.0,0.0,29.0,1.08
240,Collin McHugh,0.0,0.0,3.002,32.0,21.0,20.0,0.0,20.0,41.0,1.06
241,Triston McKenzie,0.0,0.0,4.418,26.2,14.0,9.0,4.0,6.0,29.0,1.16
242,John Means,0.0,0.0,3.811,56.6,45.0,23.0,11.0,11.0,46.0,1.02
243,Mark Melancon,0.0,0.0,2.267,27.0,30.0,0.0,0.0,0.0,30.0,1.17
244,Julian Merryweather,0.0,0.0,3.763,2.8,3.0,2.0,0.0,4.0,0.0,1.11
245,Miles Mikolas,0.0,0.0,4.032,65.3,66.0,22.0,11.0,10.0,54.0,1.16
246,Wade Miley,1.0,0.0,3.625,65.3,66.0,25.0,3.0,25.0,55.0,1.25
247,Andrew Miller,0.0,0.0,4.453,15.4,25.0,0.0,0.0,0.0,25.0,1.55
248,Justin Miller,0.0,0.0,7.824,6.5,14.0,0.0,0.0,0.0,5.0,1.53
249,Shelby Miller,0.0,0.0,11.905,10.1,13.0,10.0,0.0,11.0,3.0,2.76
250,Alec Mills,0.0,0.0,4.409,30.8,35.0,16.0,1.0,9.0,27.0,1.3
251,Juan Minaya,0.0,0.0,4.051,14.2,16.0,0.0,0.0,15.0,16.0,1.58
252,Mike Minor,0.0,0.0,4.305,86.7,75.0,44.0,15.0,30.0,89.0,1.19
253,A.J. Minter,0.0,0.0,4.219,33.6,34.0,0.0,0.0,13.0,36.0,1.28
254,Casey Mize,0.0,0.0,4.115,27.6,29.0,13.0,7.0,9.0,23.0,1.23
255,Frankie Montas,1.0,0.0,4.391,58.7,57.0,23.0,11.0,22.0,65.0,1.38
256,Rafael Montero,0.0,0.0,4.8,12.1,14.0,13.0,0.0,1.0,13.0,1.2
257,Jordan Montgomery,0.0,0.0,4.446,37.8,39.0,17.0,8.0,8.0,40.0,1.21
258,Matt Moore,0.0,0.0,6.927,31.3,40.0,22.0,8.0,12.0,27.0,1.83
259,Adam Morgan,0.0,0.0,3.825,13.8,23.0,0.0,0.0,0.0,24.0,1.35
260,Charlie Morton,0.0,0.0,3.414,86.1,80.0,32.0,16.0,32.0,111.0,1.17
261,Joe Musgrove,0.0,0.0,3.324,76.5,67.0,27.0,13.0,15.0,86.0,1.07
262,Jimmy Nelson,0.0,0.0,-1.33,10.7,9.0,6.0,0.0,5.0,16.0,0.6
263,Hector Neris,0.0,0.0,3.93,26.5,33.0,0.0,0.0,0.0,33.0,1.22
264,Aaron Nola,0.0,0.0,3.628,101.7,87.0,35.0,17.0,34.0,119.0,1.19
265,Sean Nolin,0.0,22.0,25.27,-89.7,63.0,122.0,-6.0,23.0,-45.0,6.34
266,Daniel Norris,0.0,0.0,5.969,19.8,21.0,12.0,0.0,7.0,25.0,1.56
267,Bailey Ober,0.0,1.0,3.963,16.7,17.0,2.0,2.0,2.0,18.0,1.27
268,Darren O'Day,0.0,0.0,2.937,8.0,8.0,8.0,0.0,8.0,0.0,1.12
269,Jake Odorizzi,1.0,0.0,4.132,67.8,57.0,28.0,13.0,28.0,70.0,1.23
270,Steven Okert,0.0,0.0,2.097,6.4,6.0,0.0,0.0,3.0,8.0,0.99
271,Corey Oswalt,0.0,0.0,7.387,10.8,16.0,13.0,2.0,5.0,9.0,1.46
272,Adam Ottavino,0.0,0.0,2.504,29.6,37.0,0.0,0.0,0.0,37.0,1.2
273,Chris Paddack,0.0,0.0,3.784,49.2,48.0,20.0,9.0,10.0,49.0,1.14
274,Emilio Pagan,0.0,0.0,3.104,29.0,32.0,0.0,0.0,0.0,32.0,1.03
275,Blake Parker,0.0,0.0,3.047,26.2,29.0,0.0,0.0,0.0,29.0,1.26
276,Luis Patino,1.0,1.0,4.862,26.2,27.0,17.0,5.0,11.0,27.0,1.24
277,Nate Pearson,0.0,0.0,4.103,3.0,-4.0,-3.0,0.0,2.0,3.0,1.57
278,Freddy Peralta,0.0,0.0,4.227,49.6,34.0,23.0,1.0,22.0,66.0,1.27
279,Wandy Peralta,0.0,0.0,4.237,20.3,29.0,1.0,0.0,0.0,29.0,1.48
280,Wily Peralta,0.0,0.0,5.874,18.3,17.0,15.0,1.0,16.0,16.0,1.57
281,Martin Perez,0.0,0.0,4.646,77.5,85.0,48.0,16.0,32.0,64.0,1.47
282,David Peterson,0.0,2.0,4.26,16.8,16.0,10.0,4.0,10.0,13.0,1.25
283,Dillon Peters,0.0,0.0,4.926,18.7,24.0,14.0,5.0,7.0,16.0,1.7
284,Yusmeiro Petit,0.0,0.0,2.754,39.0,39.0,0.0,0.0,0.0,39.0,1.0
285,David Phelps,0.0,0.0,5.647,5.8,14.0,13.0,2.0,1.0,12.0,1.24
286,Michael Pineda,0.0,0.0,3.955,44.2,39.0,16.0,8.0,8.0,41.0,1.15
287,Nick Pivetta,0.0,0.0,4.941,63.5,64.0,33.0,15.0,30.0,75.0,1.38
288,Zach Plesac,1.0,0.0,3.568,52.2,43.0,17.0,8.0,14.0,36.0,1.06
289,Drew Pomeranz,0.0,0.0,1.686,19.0,18.0,1.0,0.0,18.0,36.0,1.04
290,Cody Poteet,2.0,0.0,0.37,12.3,5.0,-1.0,0.0,-1.0,6.0,0.51
291,Ryan Pressly,0.0,0.0,2.335,29.6,33.0,0.0,0.0,0.0,33.0,1.15
292,David Price,0.0,0.0,4.046,33.9,42.0,14.0,0.0,14.0,38.0,1.55
293,Cal Quantrill,0.0,0.0,3.677,45.4,46.0,24.0,5.0,13.0,42.0,1.32
294,Tanner Rainey,0.0,0.0,5.167,14.7,18.0,18.0,0.0,18.0,19.0,1.45
295,Noe Ramirez,0.0,0.0,3.615,27.0,27.0,27.0,0.0,0.0,27.0,1.39
296,Yohan Ramirez,0.0,0.0,4.227,8.8,7.0,2.0,0.0,7.0,15.0,0.97
297,Drew Rasmussen,0.0,0.0,3.777,12.5,11.0,5.0,-1.0,7.0,15.0,1.4
298,Robbie Ray,0.0,0.0,3.945,84.4,80.0,33.0,16.0,32.0,114.0,1.31
299,Garrett Richards,0.0,0.0,5.224,41.0,43.0,22.0,10.0,19.0,44.0,1.56
300,Trevor Richards,0.0,0.0,4.242,37.7,32.0,18.0,0.0,16.0,46.0,1.17
301,David Robertson,0.0,0.0,8.064,10.2,14.0,0.0,0.0,14.0,14.0,2.87
302,Hansel Robles,0.0,0.0,4.184,30.3,33.0,0.0,0.0,0.0,33.0,1.27
303,Richard Rodriguez,0.0,0.0,2.659,30.7,33.0,0.0,0.0,0.0,34.0,0.93
304,Carlos Rodon,1.0,0.0,3.319,46.5,36.0,20.0,5.0,18.0,54.0,1.06
305,Eduardo Rodriguez,13.0,0.0,4.671,73.9,72.0,32.0,14.0,27.0,83.0,1.34
306,Joely Rodriguez,0.0,0.0,5.392,7.8,10.0,0.0,0.0,0.0,10.0,1.47
307,Taylor Rogers,0.0,0.0,3.072,26.2,29.0,0.0,0.0,0.0,29.0,1.14
308,Trevor Rogers,0.0,1.0,3.214,22.3,28.0,9.0,0.0,12.0,24.0,1.28
309,Tyler Rogers,0.0,0.0,3.705,17.2,19.0,0.0,0.0,0.0,19.0,1.13
310,Jordan Romano,0.0,0.0,2.281,13.3,15.0,1.0,0.0,1.0,15.0,1.19
311,Sergio Romo,0.0,0.0,5.42,28.0,35.0,0.0,0.0,0.0,35.0,1.38
312,Joe Ross,0.0,1.0,8.379,32.6,32.0,16.0,9.0,15.0,28.0,1.33
313,Jose Ruiz,0.0,0.0,5.179,15.3,17.0,0.0,0.0,0.0,17.0,1.52
314,Joe Ryan,2.0,0.0,3.66,7.1,5.0,3.0,0.0,2.0,18.0,0.89
315,Casey Sadler,0.0,0.0,2.139,16.2,15.0,0.0,0.0,2.0,15.0,1.28
316,Chris Sale,0.0,0.0,3.874,57.3,40.0,19.0,9.0,12.0,89.0,1.05
317,Adrian Sampson,0.0,0.0,4.37,24.9,42.0,25.0,8.0,8.0,23.0,1.53
318,Patrick Sandoval,0.0,0.0,4.328,23.3,23.0,13.0,6.0,12.0,22.0,1.4
319,Dennis Santana,0.0,0.0,5.0,11.0,11.0,10.0,0.0,11.0,11.0,1.61
320,Edgar Santana,0.0,0.0,3.768,15.4,17.0,0.0,0.0,0.0,17.0,1.13
321,Ervin Santana,0.0,0.0,4.814,13.9,14.0,7.0,4.0,7.0,12.0,1.22
322,Hector Santiago,0.0,0.0,5.215,23.3,26.0,13.0,0.0,13.0,26.0,1.64
323,Tony Santillan,0.0,0.0,2.828,5.5,3.0,0.0,0.0,3.0,6.0,1.3
324,Hirokazu Sawamura,0.0,0.0,2.828,7.0,9.0,0.0,0.0,9.0,9.0,1.29
325,Max Scherzer,1.0,0.0,2.585,99.1,78.0,31.0,16.0,19.0,141.0,0.96
326,Tanner Scott,0.0,0.0,3.529,17.9,26.0,0.0,0.0,26.0,26.0,1.53
327,Antonio Senzatela,0.0,0.0,5.115,72.2,84.0,41.0,14.0,28.0,45.0,1.45
328,Paul Sewald,0.0,0.0,3.808,20.0,20.0,20.0,0.0,0.0,20.0,1.11
329,Bryan Shaw,0.0,0.0,3.949,29.7,33.0,30.0,0.0,0.0,33.0,1.35
330,Jimmie Sherfy,0.0,0.0,1.199,7.2,6.0,0.0,0.0,4.0,8.0,1.18
331,Chasen Shreve,0.0,0.0,3.02,16.9,21.0,0.0,0.0,4.0,21.0,1.25
332,Brady Singer,0.0,0.0,4.5,27.2,32.0,18.0,0.0,12.0,30.0,1.42
333,Tarik Skubal,0.0,2.0,4.938,30.2,25.0,14.0,7.0,12.0,34.0,1.31
334,Caleb Smith,0.0,0.0,3.798,64.8,52.0,29.0,15.0,29.0,77.0,1.27
335,Joe Smith,0.0,0.0,5.018,14.7,21.0,0.0,0.0,0.0,21.0,1.37
336,Will Smith,0.0,0.0,2.912,27.9,31.0,0.0,0.0,0.0,31.0,0.98
337,Drew Smyly,0.0,0.0,5.661,44.8,49.0,29.0,10.0,20.0,51.0,1.48
338,Blake Snell,0.0,0.0,3.454,65.0,55.0,28.0,14.0,28.0,92.0,1.26
339,Joakim Soria,0.0,0.0,4.338,27.0,30.0,1.0,0.0,0.0,30.0,1.35
340,Gregory Soto,0.0,0.0,4.265,19.5,19.0,5.0,0.0,18.0,19.0,1.39
341,Jeffrey Springs,0.0,0.0,3.544,18.1,16.0,16.0,0.0,16.0,18.0,1.29
342,Craig Stammen,0.0,0.0,3.081,36.1,36.0,1.0,0.0,0.0,36.0,1.02
343,Ryne Stanek,0.0,0.0,3.35,30.9,31.0,1.0,0.0,31.0,31.0,1.12
344,Josh Staumont,0.0,0.0,2.522,14.6,16.0,0.0,0.0,0.0,16.0,1.16
345,Drew Steckenrider,0.0,0.0,4.165,21.0,23.0,0.0,0.0,0.0,23.0,1.21
346,Robert Stephenson,0.0,0.0,4.951,17.6,18.0,18.0,0.0,0.0,18.0,1.35
347,Kohl Stewart,0.0,0.0,4.613,-4.4,2.0,4.0,-2.0,1.0,1.0,1.29
348,Stephen Strasburg,9.0,0.0,3.705,61.4,51.0,21.0,10.0,20.0,72.0,1.09
349,Chris Stratton,0.0,0.0,4.575,48.6,47.0,24.0,0.0,24.0,48.0,1.39
350,Hunter Strickland,0.0,0.0,3.45,18.9,21.0,2.0,0.0,0.0,21.0,1.21
351,Ross Stripling,0.0,0.0,4.771,60.6,66.0,32.0,16.0,16.0,66.0,1.35
352,Marcus Stroman,0.0,0.0,2.85,70.8,67.0,26.0,13.0,25.0,65.0,1.2
353,Jose Suarez,1.0,3.0,6.914,29.0,38.0,25.0,7.0,14.0,25.0,1.7
354,Ranger Suarez,0.0,0.0,1.968,13.8,11.0,0.0,0.0,0.0,13.0,1.0
355,Cole Sulser,0.0,0.0,3.221,11.6,13.0,1.0,0.0,12.0,13.0,1.13
356,Brent Suter,0.0,0.0,3.311,28.8,30.0,15.0,0.0,0.0,31.0,1.21
357,Erik Swanson,0.0,0.0,3.258,10.3,9.0,0.0,0.0,0.0,12.0,0.93
358,Jameson Taillon,0.0,0.0,4.268,60.2,56.0,22.0,11.0,12.0,55.0,1.2
359,Dillon Tate,0.0,0.0,4.359,13.2,14.0,12.0,0.0,0.0,14.0,1.11
360,Josh Taylor,0.0,0.0,5.061,13.3,18.0,0.0,0.0,0.0,19.0,1.56
361,Ryan Tepera,0.0,0.0,3.833,23.6,26.0,0.0,0.0,0.0,27.0,1.15
362,Caleb Thielbar,0.0,0.0,4.18,11.5,13.0,1.0,0.0,0.0,13.0,1.31
363,Ryan Thompson,0.0,0.0,2.997,8.0,10.0,0.0,0.0,0.0,10.0,1.27
364,Lewis Thorpe,3.0,1.0,4.353,8.0,10.0,6.0,0.0,6.0,14.0,1.3
365,Josh Tomlin,0.0,0.0,4.581,36.0,43.0,21.0,0.0,0.0,22.0,1.19
366,Blake Treinen,0.0,0.0,2.294,33.8,34.0,0.0,0.0,0.0,34.0,1.21
367,Lou Trivino,0.0,0.0,2.607,30.9,34.0,0.0,0.0,1.0,34.0,1.09
368,Spencer Turnbull,0.0,1.0,3.529,43.4,44.0,19.0,1.0,18.0,44.0,1.33
369,Jose Urena,0.0,0.0,5.005,59.2,64.0,26.0,13.0,25.0,40.0,1.41
370,Julio Urias,1.0,0.0,3.321,56.0,45.0,21.0,8.0,14.0,61.0,1.05
371,Jose Urquidy,1.0,0.0,3.827,30.5,22.0,9.0,5.0,5.0,32.0,1.11
372,Framber Valdez,0.0,0.0,3.568,48.2,45.0,23.0,1.0,22.0,46.0,1.29
373,Phillips Valdez,0.0,0.0,2.973,11.0,9.0,0.0,0.0,0.0,10.0,0.8
374,Nick Vincent,0.0,0.0,4.091,18.9,19.0,17.0,0.0,0.0,19.0,1.29
375,Austin Voth,0.0,1.0,4.41,26.6,27.0,14.0,5.0,11.0,26.0,1.29
376,Michael Wacha,0.0,0.0,4.471,55.2,61.0,26.0,13.0,25.0,52.0,1.41
377,Adam Wainwright,1.0,0.0,4.338,75.7,76.0,27.0,13.0,27.0,66.0,1.3
378,Taijuan Walker,0.0,1.0,3.337,32.9,28.0,13.0,7.0,16.0,32.0,1.21
379,Tony Watson,0.0,0.0,2.938,25.8,33.0,1.0,0.0,0.0,32.0,1.14
380,Luke Weaver,0.0,1.0,4.535,54.2,56.0,23.0,10.0,17.0,56.0,1.24
381,Jacob Webb,0.0,0.0,3.377,10.7,12.0,0.0,0.0,0.0,12.0,1.37
382,Logan Webb,0.0,0.0,4.12,39.8,40.0,18.0,4.0,15.0,40.0,1.34
383,J.B. Wendelken,0.0,0.0,4.438,26.7,28.0,23.0,0.0,0.0,24.0,1.57
384,Zack Wheeler,0.0,0.0,3.558,100.7,96.0,32.0,14.0,31.0,97.0,1.18
385,Garrett Whitlock,0.0,0.0,1.526,10.2,9.0,0.0,0.0,0.0,13.0,1.09
386,Rowan Wick,0.0,0.0,3.272,10.5,12.0,0.0,0.0,0.0,13.0,1.37
387,Taylor Widener,0.0,0.0,3.448,16.4,16.0,5.0,4.0,7.0,14.0,1.28
388,Brad Wieck,0.0,0.0,4.565,7.4,10.0,1.0,0.0,0.0,10.0,1.18
389,Devin Williams,0.0,0.0,3.354,13.7,14.0,0.0,0.0,1.0,28.0,1.42
390,Trevor Williams,0.0,0.0,4.641,71.6,69.0,41.0,14.0,28.0,60.0,1.37
391,Bryse Wilson,1.0,2.0,6.862,18.2,22.0,13.0,4.0,8.0,15.0,1.85
392,Justin Wilson,0.0,0.0,3.634,19.9,28.0,0.0,0.0,0.0,28.0,1.41
393,Matt Wisler,0.0,0.0,6.086,22.0,20.0,19.0,0.0,0.0,20.0,1.41
394,Nick Wittgren,0.0,0.0,4.133,23.4,26.0,0.0,0.0,0.0,25.0,1.16
395,Alex Wood,0.0,0.0,3.76,54.6,54.0,23.0,10.0,15.0,51.0,1.19
396,Brandon Woodruff,2.0,0.0,2.98,77.4,57.0,26.0,13.0,17.0,96.0,1.02
397,Ryan Yarbrough,0.0,0.0,4.162,79.9,70.0,34.0,17.0,17.0,69.0,1.13
398,Huascar Ynoa,0.0,1.0,3.432,23.6,17.0,10.0,3.0,9.0,20.0,1.16
399,Bruce Zimmermann,35.0,-58.0,11.213,93.6,54.0,-35.0,-68.0,-147.0,229.0,1.18
400,Kyle Zimmer,0.0,0.0,3.44,12.8,13.0,13.0,0.0,13.0,13.0,1.23
401,Luis Gil,0.0,0.0,1.03,11.4,9.0,1.0,4.0,-12.0,18.0,0.33
402,Zach Thompson,0.0,0.0,2.675,9.8,9.0,4.0,0.0,4.0,11.0,1.12
403,Paolo Espino,0.0,1.0,2.872,11.7,10.0,5.0,1.0,1.0,8.0,0.91
404,Spencer Patton,0.0,0.0,3.516,7.0,7.0,1.0,0.0,7.0,7.0,1.25
405,Anthony Bender,0.0,0.0,2.993,9.8,8.0,3.0,0.0,0.0,12.0,1.01
406,Kyle Finnegan,0.0,0.0,3.223,11.5,13.0,0.0,0.0,0.0,14.0,1.38
